-- MySQL Script generated by MySQL Workbench
-- Sáb 04 Mar 2017 10:14:37 BRT
-- Model: New Model    Version: 1.0
-- MySQL Workbench Forward Engineering

SET @OLD_UNIQUE_CHECKS=@@UNIQUE_CHECKS, UNIQUE_CHECKS=0;
SET @OLD_FOREIGN_KEY_CHECKS=@@FOREIGN_KEY_CHECKS, FOREIGN_KEY_CHECKS=0;
SET @OLD_SQL_MODE=@@SQL_MODE, SQL_MODE='TRADITIONAL,ALLOW_INVALID_DATES';

-- -----------------------------------------------------
-- Schema mydb
-- -----------------------------------------------------
DROP SCHEMA IF EXISTS `mydb` ;

-- -----------------------------------------------------
-- Schema mydb
-- -----------------------------------------------------
CREATE SCHEMA IF NOT EXISTS `mydb` DEFAULT CHARACTER SET utf8 ;
USE `mydb` ;

-- -----------------------------------------------------
-- Table `mydb`.`TB_Cidade`
-- -----------------------------------------------------
CREATE TABLE IF NOT EXISTS `mydb`.`TB_Cidade` (
  `Cod_Cidade` INT NOT NULL,
  `Nome_Cidade` VARCHAR(45) NULL,
  `Nome_Estado` VARCHAR(45) NULL,
  PRIMARY KEY (`Cod_Cidade`))
ENGINE = InnoDB;


--------------------------------------------------------
---- Insert
--------------------------------------------------------

INSERT INTO TB_Cidade(Cod_Cidade, Nome_Cidade, Nome_Estado)
VALUES (1, 'Boston', 'Massachusetts') ;
INSERT INTO TB_Cidade(Cod_Cidade, Nome_Cidade, Nome_Estado)
VALUES (2, 'Toronto', 'Ontario');
INSERT INTO TB_Cidade(Cod_Cidade, Nome_Cidade, Nome_Estado)
VALUES (3, 'New York', 'New York');
INSERT INTO TB_Cidade(Cod_Cidade, Nome_Cidade, Nome_Estado)
VALUES (4, 'Philadelphia', 'Pennsylvania');
INSERT INTO TB_Cidade(Cod_Cidade, Nome_Cidade, Nome_Estado)
VALUES (5, 'Brooklyn', 'New York');


INSERT INTO TB_Cidade(Cod_Cidade, Nome_Cidade, Nome_Estado)
VALUES (6, 'Cleveland', 'Ohio'); 
INSERT INTO TB_Cidade(Cod_Cidade, Nome_Cidade, Nome_Estado)
VALUES (7, 'Chicago', 'Ilinois');
INSERT INTO TB_Cidade(Cod_Cidade, Nome_Cidade, Nome_Estado)
VALUES (8, 'Indianapolis', 'Indiana');
INSERT INTO TB_Cidade(Cod_Cidade, Nome_Cidade, Nome_Estado)
VALUES (9, 'Detroit', 'Michigan');
INSERT INTO TB_Cidade(Cod_Cidade, Nome_Cidade, Nome_Estado)
VALUES (10, 'Milwaukee', 'Wisconsin');


INSERT INTO TB_Cidade(Cod_Cidade, Nome_Cidade, Nome_Estado)
VALUES (11, 'Washington DC', 'Washington DC'); 
INSERT INTO TB_Cidade(Cod_Cidade, Nome_Cidade, Nome_Estado)
VALUES (12, 'Atlanta', 'Georgia');
INSERT INTO TB_Cidade(Cod_Cidade, Nome_Cidade, Nome_Estado)
VALUES (13, 'Miami', 'Florida');
INSERT INTO TB_Cidade(Cod_Cidade, Nome_Cidade, Nome_Estado)
VALUES (14, 'Charlotte', 'North Carolina');
INSERT INTO TB_Cidade(Cod_Cidade, Nome_Cidade, Nome_Estado)
VALUES (15, 'Orlando', 'Florida');


INSERT INTO TB_Cidade(Cod_Cidade, Nome_Cidade, Nome_Estado)
VALUES (16, 'Salt Lake City', 'Utah'); 
INSERT INTO TB_Cidade(Cod_Cidade, Nome_Cidade, Nome_Estado)
VALUES (17, 'Oklahoma City', 'Oklahoma');
INSERT INTO TB_Cidade(Cod_Cidade, Nome_Cidade, Nome_Estado)
VALUES (18, 'Portland', 'Oregon');
INSERT INTO TB_Cidade(Cod_Cidade, Nome_Cidade, Nome_Estado)
VALUES (19, 'Denver', 'Colorado');
INSERT INTO TB_Cidade(Cod_Cidade, Nome_Cidade, Nome_Estado)
VALUES (20,'Minneapolis', 'Minnesota');


INSERT INTO TB_Cidade(Cod_Cidade, Nome_Cidade, Nome_Estado)
VALUES (21, 'San Antonio', 'Texas'); 
INSERT INTO TB_Cidade(Cod_Cidade, Nome_Cidade, Nome_Estado)
VALUES (22, 'Houston', 'Texas');
INSERT INTO TB_Cidade(Cod_Cidade, Nome_Cidade, Nome_Estado)
VALUES (23, 'Dallas', 'Texas');
INSERT INTO TB_Cidade(Cod_Cidade, Nome_Cidade, Nome_Estado)
VALUES (24, 'New Orleans', 'Louisiana');
INSERT INTO TB_Cidade(Cod_Cidade, Nome_Cidade, Nome_Estado)
VALUES (25, 'Memphis', 'Tennessee');


INSERT INTO TB_Cidade(Cod_Cidade, Nome_Cidade, Nome_Estado)
VALUES (26, 'Oakland', 'California'); 
INSERT INTO TB_Cidade(Cod_Cidade, Nome_Cidade, Nome_Estado)
VALUES (27, 'Los Angeles', 'California');
INSERT INTO TB_Cidade(Cod_Cidade, Nome_Cidade, Nome_Estado)
VALUES (28, 'Sacramento', 'California');
INSERT INTO TB_Cidade(Cod_Cidade, Nome_Cidade, Nome_Estado)
VALUES (29, 'Phoenix', 'Arizona');



-- -----------------------------------------------------
-- Table `mydb`.`TB_Posicao`
-- -----------------------------------------------------
CREATE TABLE IF NOT EXISTS `mydb`.`TB_Posicao` (
  `Cod_Posicao` INT NOT NULL,
  `Nome_Posicao` VARCHAR(45) NULL,
  PRIMARY KEY (`Cod_Posicao`))
ENGINE = InnoDB;

INSERT INTO TB_Posicao (Cod_Posicao, Nome_Posicao)
VALUES (1, 'Armador');
INSERT INTO TB_Posicao (Cod_Posicao, Nome_Posicao)
VALUES (2,' Ala_Armador');
INSERT INTO TB_Posicao (Cod_Posicao, Nome_Posicao)
VALUES (3, 'Ala');
INSERT INTO TB_Posicao (Cod_Posicao, Nome_Posicao)
VALUES (4, 'Ala_Pivo');
INSERT INTO TB_Posicao (Cod_Posicao, Nome_Posicao)
VALUES (5, 'Pivo');


-- -----------------------------------------------------
-- Table `mydb`.`TB_Pessoa`
-- -----------------------------------------------------
CREATE TABLE IF NOT EXISTS `mydb`.`TB_Pessoa` (
  `id_Pessoa` INT NOT NULL,
  `Nome_Pessoa` VARCHAR(45) NULL,
  `Data_Nasc` DATETIME NULL,
  `Altura` INT NULL,
  `Peso` INT NULL,
  PRIMARY KEY (`id_Pessoa`),
ENGINE = InnoDB;


INSERT INTO TB_Pessoa(id_Pessoa, Nome_Pessoa, Data_Nasc, Altura, Peso, Cod_Posicao)
VALUES (1, 'Brad Stevens','1976-10-22',,,);
INSERT INTO TB_Pessoa(id_Pessoa, Nome_Pessoa, Data_Nasc, Altura, Peso, Cod_Posicao)
VALUES (2, 'Isaiah Thomas', '1989-02-22', 175, 84);
INSERT INTO TB_Pessoa(id_Pessoa, Nome_Pessoa, Data_Nasc, Altura, Peso, Cod_Posicao)
VALUES (3, 'Avery Bradley', '1990-11-26', 188, 82);
INSERT INTO TB_Pessoa(id_Pessoa, Nome_Pessoa, Data_Nasc, Altura, Peso, Cod_Posicao)
VALUES (4, 'Jae Crowder','1990-07-06',198,107);
INSERT INTO TB_Pessoa(id_Pessoa, Nome_Pessoa, Data_Nasc, Altura, Peso, Cod_Posicao)
VALUES (5, 'Amir Johnson','1987-05-01',206,109);
INSERT INTO TB_Pessoa(id_Pessoa, Nome_Pessoa, Data_Nasc, Altura, Peso, Cod_Posicao)
VALUES (6, 'Jared Sullinger','1992-03-04',206,118);


INSERT INTO TB_Pessoa(id_Pessoa, Nome_Pessoa, Data_Nasc, Altura, Peso, Cod_Posicao)
VALUES (7, 'Dwane Casey','1957-04-17',,,);
INSERT INTO TB_Pessoa(id_Pessoa, Nome_Pessoa, Data_Nasc, Altura, Peso, Cod_Posicao)
VALUES (8, 'Kyle Lowry', '1986-03-25', 183, 93);
INSERT INTO TB_Pessoa(id_Pessoa, Nome_Pessoa, Data_Nasc, Altura, Peso, Cod_Posicao)
VALUES (9, 'DeMar DeRozan', '1989-08-07', 201, 100);
INSERT INTO TB_Pessoa(id_Pessoa, Nome_Pessoa, Data_Nasc, Altura, Peso, Cod_Posicao)
VALUES (10, 'DeMarre Carroll','1986-07-27',203,96);
INSERT INTO TB_Pessoa(id_Pessoa, Nome_Pessoa, Data_Nasc, Altura, Peso, Cod_Posicao)
VALUES (11, 'Patrick Patterson','1989-03-14',206,107);
INSERT INTO TB_Pessoa(id_Pessoa, Nome_Pessoa, Data_Nasc, Altura, Peso, Cod_Posicao)
VALUES (12, 'Jonas Valanciunas','1992-05-06',213,116);


INSERT INTO TB_Pessoa(id_Pessoa, Nome_Pessoa, Data_Nasc, Altura, Peso, Cod_Posicao)
VALUES (13, 'Derek Fisher','1974-08-09',,,);
INSERT INTO TB_Pessoa(id_Pessoa, Nome_Pessoa, Data_Nasc, Altura, Peso, Cod_Posicao)
VALUES (14, 'Jose Calderon', '1981-09-28', 191, 91);
INSERT INTO TB_Pessoa(id_Pessoa, Nome_Pessoa, Data_Nasc, Altura, Peso, Cod_Posicao)
VALUES (15, 'Arron Afflalo', '1985-10-15', 196, 95);
INSERT INTO TB_Pessoa(id_Pessoa, Nome_Pessoa, Data_Nasc, Altura, Peso, Cod_Posicao)
VALUES (16, 'Carmelo Anthony','1984-05-29',203,109);
INSERT INTO TB_Pessoa(id_Pessoa, Nome_Pessoa, Data_Nasc, Altura, Peso, Cod_Posicao)
VALUES (17, 'Kristaps Porzingis','1995-08-02',221,109);
INSERT INTO TB_Pessoa(id_Pessoa, Nome_Pessoa, Data_Nasc, Altura, Peso, Cod_Posicao)
VALUES (18, 'Robin Lopez','1988-04-01',213,116);


INSERT INTO TB_Pessoa(id_Pessoa, Nome_Pessoa, Data_Nasc, Altura, Peso, Cod_Posicao)
VALUES (19, 'Brett Brown','1961-02-16',,,);
INSERT INTO TB_Pessoa(id_Pessoa, Nome_Pessoa, Data_Nasc, Altura, Peso, Cod_Posicao)
VALUES (20, 'Isaiah Canaan', '1991-07-29', 183, 91);
INSERT INTO TB_Pessoa(id_Pessoa, Nome_Pessoa, Data_Nasc, Altura, Peso, Cod_Posicao)
VALUES (21, 'Nik Stauskas', '1993-10-07', 198, 93);
INSERT INTO TB_Pessoa(id_Pessoa, Nome_Pessoa, Data_Nasc, Altura, Peso, Cod_Posicao)
VALUES (22, 'Robert Covington','1990-12-14',206,98);
INSERT INTO TB_Pessoa(id_Pessoa, Nome_Pessoa, Data_Nasc, Altura, Peso, Cod_Posicao)
VALUES (23, 'Nerlens Noel','1994-04-10',211,103);
INSERT INTO TB_Pessoa(id_Pessoa, Nome_Pessoa, Data_Nasc, Altura, Peso, Cod_Posicao)
VALUES (24, 'Jahlil Okafor','1995-12-15',211,125);


INSERT INTO TB_Pessoa(id_Pessoa, Nome_Pessoa, Data_Nasc, Altura, Peso, Cod_Posicao)
VALUES (25, 'Lionel Hollins','1953-10-19',,,);
INSERT INTO TB_Pessoa(id_Pessoa, Nome_Pessoa, Data_Nasc, Altura, Peso, Cod_Posicao)
VALUES (26, 'Donald Sloan', '1988-01-15', 191, 95);
INSERT INTO TB_Pessoa(id_Pessoa, Nome_Pessoa, Data_Nasc, Altura, Peso, Cod_Posicao)
VALUES (27, 'Wayne Ellington', '1987-10-29', 193, 91);
INSERT INTO TB_Pessoa(id_Pessoa, Nome_Pessoa, Data_Nasc, Altura, Peso, Cod_Posicao)
VALUES (28, 'Bojan Bogdanovic','1989-04-18',203,102);
INSERT INTO TB_Pessoa(id_Pessoa, Nome_Pessoa, Data_Nasc, Altura, Peso, Cod_Posicao)
VALUES (29, 'Thaddeus Young','1988-06-21',203,100);
INSERT INTO TB_Pessoa(id_Pessoa, Nome_Pessoa, Data_Nasc, Altura, Peso, Cod_Posicao)
VALUES (30, 'Brook Lopez','1988-04-01',213,122);


INSERT INTO TB_Pessoa(id_Pessoa, Nome_Pessoa, Data_Nasc, Altura, Peso, Cod_Posicao)
VALUES (31, 'Tyronn Lue','1977-05-03',,,);
INSERT INTO TB_Pessoa(id_Pessoa, Nome_Pessoa, Data_Nasc, Altura, Peso, Cod_Posicao)
VALUES (32, 'Kyrie Irving', '1992-03-03', 191, 88);
INSERT INTO TB_Pessoa(id_Pessoa, Nome_Pessoa, Data_Nasc, Altura, Peso, Cod_Posicao)
VALUES (33, 'J.R. Smith', '1985-09-09', 198, 102);
INSERT INTO TB_Pessoa(id_Pessoa, Nome_Pessoa, Data_Nasc, Altura, Peso, Cod_Posicao)
VALUES (34, 'LeBron James','1984-12-30',203,113);
INSERT INTO TB_Pessoa(id_Pessoa, Nome_Pessoa, Data_Nasc, Altura, Peso, Cod_Posicao)
VALUES (35, 'Kevin Love','1988-09-07',208,114);
INSERT INTO TB_Pessoa(id_Pessoa, Nome_Pessoa, Data_Nasc, Altura, Peso, Cod_Posicao)
VALUES (36, 'Tristan Thompson','1991-03-13',206,108);


INSERT INTO TB_Pessoa(id_Pessoa, Nome_Pessoa, Data_Nasc, Altura, Peso, Cod_Posicao)
VALUES (37, 'Fred Hoiberg','1972-10-15',,,);
INSERT INTO TB_Pessoa(id_Pessoa, Nome_Pessoa, Data_Nasc, Altura, Peso, Cod_Posicao)
VALUES (38, 'Derrick Rose', '1988-10-04', 191, 86);
INSERT INTO TB_Pessoa(id_Pessoa, Nome_Pessoa, Data_Nasc, Altura, Peso, Cod_Posicao)
VALUES (39, 'Jimmy Butler', '1989-09-14', 201, 105);
INSERT INTO TB_Pessoa(id_Pessoa, Nome_Pessoa, Data_Nasc, Altura, Peso, Cod_Posicao)
VALUES (40, 'Nikola Mirotic','1991-02-11',208,108);
INSERT INTO TB_Pessoa(id_Pessoa, Nome_Pessoa, Data_Nasc, Altura, Peso, Cod_Posicao)
VALUES (41, 'Taj Gibson','1985-06-24',206,107);
INSERT INTO TB_Pessoa(id_Pessoa, Nome_Pessoa, Data_Nasc, Altura, Peso, Cod_Posicao)
VALUES (42, 'Pau Gasol','1980-07-06',213,113);


INSERT INTO TB_Pessoa(id_Pessoa, Nome_Pessoa, Data_Nasc, Altura, Peso, Cod_Posicao)
VALUES (43, 'Frank Vogel','1973-06-21',,,);
INSERT INTO TB_Pessoa(id_Pessoa, Nome_Pessoa, Data_Nasc, Altura, Peso, Cod_Posicao)
VALUES (44, 'George Hill', '1986-05-04', 191, 85);
INSERT INTO TB_Pessoa(id_Pessoa, Nome_Pessoa, Data_Nasc, Altura, Peso, Cod_Posicao)
VALUES (45, 'Monta Ellis', '1985-10-26', 191, 84);
INSERT INTO TB_Pessoa(id_Pessoa, Nome_Pessoa, Data_Nasc, Altura, Peso, Cod_Posicao)
VALUES (46, 'Paul George','1990-05-02',206,100);
INSERT INTO TB_Pessoa(id_Pessoa, Nome_Pessoa, Data_Nasc, Altura, Peso, Cod_Posicao)
VALUES (47, 'Myles Turner','1996-03-24',211,110);
INSERT INTO TB_Pessoa(id_Pessoa, Nome_Pessoa, Data_Nasc, Altura, Peso, Cod_Posicao)
VALUES (48, 'Ian Mahinmi','1986-11-05',211,119);


INSERT INTO TB_Pessoa(id_Pessoa, Nome_Pessoa, Data_Nasc, Altura, Peso, Cod_Posicao)
VALUES (49, 'Stan Van Gundy','1959-08-26',,,);
INSERT INTO TB_Pessoa(id_Pessoa, Nome_Pessoa, Data_Nasc, Altura, Peso, Cod_Posicao)
VALUES (50, 'Reggie Jackson', '1990-04-16', 191, 94);
INSERT INTO TB_Pessoa(id_Pessoa, Nome_Pessoa, Data_Nasc, Altura, Peso, Cod_Posicao)
VALUES (51, 'Kentavious Caldwell-Pope', '1993-02-18', 196, 93);
INSERT INTO TB_Pessoa(id_Pessoa, Nome_Pessoa, Data_Nasc, Altura, Peso, Cod_Posicao)
VALUES (52, 'Marcus Morris','1989-09-02',206,107);
INSERT INTO TB_Pessoa(id_Pessoa, Nome_Pessoa, Data_Nasc, Altura, Peso, Cod_Posicao)
VALUES (53, 'Tobias Harris','1992-07-15',206,107);
INSERT INTO TB_Pessoa(id_Pessoa, Nome_Pessoa, Data_Nasc, Altura, Peso, Cod_Posicao)
VALUES (54, 'Andre Drummond','1993-08-10',211,127);


INSERT INTO TB_Pessoa(id_Pessoa, Nome_Pessoa, Data_Nasc, Altura, Peso, Cod_Posicao)
VALUES (55, 'Jason Kidd','1973-03-23',,,);
INSERT INTO TB_Pessoa(id_Pessoa, Nome_Pessoa, Data_Nasc, Altura, Peso, Cod_Posicao)
VALUES (56, 'Michael Carter-Williams', '1991-10-10', 198, 86);
INSERT INTO TB_Pessoa(id_Pessoa, Nome_Pessoa, Data_Nasc, Altura, Peso, Cod_Posicao)
VALUES (57, 'Khris Middleton', '1991-08-12', 203, 106);
INSERT INTO TB_Pessoa(id_Pessoa, Nome_Pessoa, Data_Nasc, Altura, Peso, Cod_Posicao)
VALUES (58, 'Giannis Antetokounmpo','1994-12-06',211,101);
INSERT INTO TB_Pessoa(id_Pessoa, Nome_Pessoa, Data_Nasc, Altura, Peso, Cod_Posicao)
VALUES (59, 'Jabari Parker','1995-03-15',203,113);
INSERT INTO TB_Pessoa(id_Pessoa, Nome_Pessoa, Data_Nasc, Altura, Peso, Cod_Posicao)
VALUES (60, 'Greg Monroe','1990-06-04',211,120);


INSERT INTO TB_Pessoa(id_Pessoa, Nome_Pessoa, Data_Nasc, Altura, Peso, Cod_Posicao)
VALUES (61, 'Randy Wittman','1959-10-28',,,);
INSERT INTO TB_Pessoa(id_Pessoa, Nome_Pessoa, Data_Nasc, Altura, Peso, Cod_Posicao)
VALUES (62, 'John Wall', '1990-09-06', 193, 95);
INSERT INTO TB_Pessoa(id_Pessoa, Nome_Pessoa, Data_Nasc, Altura, Peso, Cod_Posicao)
VALUES (63, 'Bradley Beal', '1993-06-28', 196, 94);
INSERT INTO TB_Pessoa(id_Pessoa, Nome_Pessoa, Data_Nasc, Altura, Peso, Cod_Posicao)
VALUES (64, 'Jared Dudley','1985-07-10',201,102);
INSERT INTO TB_Pessoa(id_Pessoa, Nome_Pessoa, Data_Nasc, Altura, Peso, Cod_Posicao)
VALUES (65, 'Maybner Nene','1982-09-13',211,113);
INSERT INTO TB_Pessoa(id_Pessoa, Nome_Pessoa, Data_Nasc, Altura, Peso, Cod_Posicao)
VALUES (66, 'Marcin Gortat','1984-02-17',211,109);


INSERT INTO TB_Pessoa(id_Pessoa, Nome_Pessoa, Data_Nasc, Altura, Peso, Cod_Posicao)
VALUES (67, 'Mike Budenholzer','1969-08-06',,,);
INSERT INTO TB_Pessoa(id_Pessoa, Nome_Pessoa, Data_Nasc, Altura, Peso, Cod_Posicao)
VALUES (68, 'Derrick Rose', '1988-10-04', 191, 86);
INSERT INTO TB_Pessoa(id_Pessoa, Nome_Pessoa, Data_Nasc, Altura, Peso, Cod_Posicao)
VALUES (69, 'Jimmy Butler', '1989-09-14', 201, 105);
INSERT INTO TB_Pessoa(id_Pessoa, Nome_Pessoa, Data_Nasc, Altura, Peso, Cod_Posicao)
VALUES (70, 'Nikola Mirotic','1991-02-11',208,108);
INSERT INTO TB_Pessoa(id_Pessoa, Nome_Pessoa, Data_Nasc, Altura, Peso, Cod_Posicao)
VALUES (71, 'Taj Gibson','1985-06-24',206,107);
INSERT INTO TB_Pessoa(id_Pessoa, Nome_Pessoa, Data_Nasc, Altura, Peso, Cod_Posicao)
VALUES (72, 'Pau Gasol','1980-07-06',213,113);


INSERT INTO TB_Pessoa(id_Pessoa, Nome_Pessoa, Data_Nasc, Altura, Peso, Cod_Posicao)
VALUES (73, 'Frank Vogel','1973-06-21',,,);
INSERT INTO TB_Pessoa(id_Pessoa, Nome_Pessoa, Data_Nasc, Altura, Peso, Cod_Posicao)
VALUES (74, 'Jeff Teague', '1988-06-10', 188, 84);
INSERT INTO TB_Pessoa(id_Pessoa, Nome_Pessoa, Data_Nasc, Altura, Peso, Cod_Posicao)
VALUES (75, 'Kyle Korver', '1981-03-17', 201, 96);
INSERT INTO TB_Pessoa(id_Pessoa, Nome_Pessoa, Data_Nasc, Altura, Peso, Cod_Posicao)
VALUES (76, 'Kent Bazemore','1989-07-01',196,91);
INSERT INTO TB_Pessoa(id_Pessoa, Nome_Pessoa, Data_Nasc, Altura, Peso, Cod_Posicao)
VALUES (77, 'Paul Millsap','1985-02-10',203,112);
INSERT INTO TB_Pessoa(id_Pessoa, Nome_Pessoa, Data_Nasc, Altura, Peso, Cod_Posicao)
VALUES (78, 'Al Horford','1986-06-03',208,111);


INSERT INTO TB_Pessoa(id_Pessoa, Nome_Pessoa, Data_Nasc, Altura, Peso, Cod_Posicao)
VALUES (79, 'Steven Clifford','1961-09-17',,,);
INSERT INTO TB_Pessoa(id_Pessoa, Nome_Pessoa, Data_Nasc, Altura, Peso, Cod_Posicao)
VALUES (80, 'Kemba Walker', '1990-05-08', 185, 83);
INSERT INTO TB_Pessoa(id_Pessoa, Nome_Pessoa, Data_Nasc, Altura, Peso, Cod_Posicao)
VALUES (81, 'Courtney Lee', '1985-10-30', 196, 91);
INSERT INTO TB_Pessoa(id_Pessoa, Nome_Pessoa, Data_Nasc, Altura, Peso, Cod_Posicao)
VALUES (82, 'Nicolas Batum','1988-12-14',203,91);
INSERT INTO TB_Pessoa(id_Pessoa, Nome_Pessoa, Data_Nasc, Altura, Peso, Cod_Posicao)
VALUES (83, 'Marvin Williams','1986-06-19',206,108);
INSERT INTO TB_Pessoa(id_Pessoa, Nome_Pessoa, Data_Nasc, Altura, Peso, Cod_Posicao)
VALUES (84, 'Al Jefferson','1985-01-04',208,131);


INSERT INTO TB_Pessoa(id_Pessoa, Nome_Pessoa, Data_Nasc, Altura, Peso, Cod_Posicao)
VALUES (85, 'Scott Skiles','1964-03-05',,,);
INSERT INTO TB_Pessoa(id_Pessoa, Nome_Pessoa, Data_Nasc, Altura, Peso, Cod_Posicao)
VALUES (86, 'Elfrid Payton', '1994-02-22', 193, 84);
INSERT INTO TB_Pessoa(id_Pessoa, Nome_Pessoa, Data_Nasc, Altura, Peso, Cod_Posicao)
VALUES (87, 'Victor Oladipo', '1992-05-04', 193, 95);
INSERT INTO TB_Pessoa(id_Pessoa, Nome_Pessoa, Data_Nasc, Altura, Peso, Cod_Posicao)
VALUES (88, 'Evan Fournier','1992-10-29',201,93);
INSERT INTO TB_Pessoa(id_Pessoa, Nome_Pessoa, Data_Nasc, Altura, Peso, Cod_Posicao)
VALUES (89, 'Aaron Gordon','1995-09-16',206,100);
INSERT INTO TB_Pessoa(id_Pessoa, Nome_Pessoa, Data_Nasc, Altura, Peso, Cod_Posicao)
VALUES (90, 'Nikola Vucevic','1990-10-24',213,118);



INSERT INTO TB_Pessoa(id_Pessoa, Nome_Pessoa, Data_Nasc, Altura, Peso, Cod_Posicao)
VALUES (91, 'Quin Snyder','1966-10-30',,,);
INSERT INTO TB_Pessoa(id_Pessoa, Nome_Pessoa, Data_Nasc, Altura, Peso, Cod_Posicao)
VALUES (92, 'Trey Burke', '1992-11-12', 185,87);
INSERT INTO TB_Pessoa(id_Pessoa, Nome_Pessoa, Data_Nasc, Altura, Peso, Cod_Posicao)
VALUES (93, 'Rodney Hood', '1992-10-20',203,93,2);
INSERT INTO TB_Pessoa(id_Pessoa, Nome_Pessoa, Data_Nasc, Altura, Peso, Cod_Posicao)
VALUES (94, 'Gordon Hayward','1990-03-23',203,103);
INSERT INTO TB_Pessoa(id_Pessoa, Nome_Pessoa, Data_Nasc, Altura, Peso, Cod_Posicao)
VALUES (95, 'Derrick Favors','1991-07-15',208,120);
INSERT INTO TB_Pessoa(id_Pessoa, Nome_Pessoa, Data_Nasc, Altura, Peso, Cod_Posicao)
VALUES (96, 'Rudy Gobert','1992-06-26',216,111);


INSERT INTO TB_Pessoa(id_Pessoa, Nome_Pessoa, Data_Nasc, Altura, Peso, Cod_Posicao)
VALUES (97, 'Billy Donovan','1957-04-17',,,);
INSERT INTO TB_Pessoa(id_Pessoa, Nome_Pessoa, Data_Nasc, Altura, Peso, Cod_Posicao)
VALUES (98, 'Russell Westbrook', '1988-11-12', 191, 91);
INSERT INTO TB_Pessoa(id_Pessoa, Nome_Pessoa, Data_Nasc, Altura, Peso, Cod_Posicao)
VALUES (99, 'Andre Roberson', '1991-12-04', 201, 95);
INSERT INTO TB_Pessoa(id_Pessoa, Nome_Pessoa, Data_Nasc, Altura, Peso, Cod_Posicao)
VALUES (100, 'Kevin Durant','1988-09-29',206,109);
INSERT INTO TB_Pessoa(id_Pessoa, Nome_Pessoa, Data_Nasc, Altura, Peso, Cod_Posicao)
VALUES (101, 'Serge Ibaka','1989-09-18',208,107);
INSERT INTO TB_Pessoa(id_Pessoa, Nome_Pessoa, Data_Nasc, Altura, Peso, Cod_Posicao)
VALUES (102, 'Steven Adams','1993-07-20',213,116);


INSERT INTO TB_Pessoa(id_Pessoa, Nome_Pessoa, Data_Nasc, Altura, Peso, Cod_Posicao)
VALUES (103, 'Terry Stotts','1957-11-25',,,);
INSERT INTO TB_Pessoa(id_Pessoa, Nome_Pessoa, Data_Nasc, Altura, Peso, Cod_Posicao)
VALUES (104, 'Damian Lillard', '1990-07-15', 191, 88);
INSERT INTO TB_Pessoa(id_Pessoa, Nome_Pessoa, Data_Nasc, Altura, Peso, Cod_Posicao)
VALUES (105, 'C.J. McCollum', '1991-09-19', 191, 86);
INSERT INTO TB_Pessoa(id_Pessoa, Nome_Pessoa, Data_Nasc, Altura, Peso, Cod_Posicao)
VALUES (106, 'Al-Farouq Aminu','1990-09-21',206,100);
INSERT INTO TB_Pessoa(id_Pessoa, Nome_Pessoa, Data_Nasc, Altura, Peso, Cod_Posicao)
VALUES (107, 'Maurice Harkless','1993-05-11',206,100);
INSERT INTO TB_Pessoa(id_Pessoa, Nome_Pessoa, Data_Nasc, Altura, Peso, Cod_Posicao)
VALUES (108, 'Mason Plumlee','1990-03-05',211,116);


INSERT INTO TB_Pessoa(id_Pessoa, Nome_Pessoa, Data_Nasc, Altura, Peso, Cod_Posicao)
VALUES (109, 'Michael Malone','1971-01-01',,,);
INSERT INTO TB_Pessoa(id_Pessoa, Nome_Pessoa, Data_Nasc, Altura, Peso, Cod_Posicao)
VALUES (110, 'Emmanuel Mudiay', '1996-03-05', 196, 91);
INSERT INTO TB_Pessoa(id_Pessoa, Nome_Pessoa, Data_Nasc, Altura, Peso, Cod_Posicao)
VALUES (111, 'Gary Harris', '1994-09-14', 193, 95);
INSERT INTO TB_Pessoa(id_Pessoa, Nome_Pessoa, Data_Nasc, Altura, Peso, Cod_Posicao)
VALUES (112, 'Danilo Gallininari','1988-08-08',208,102);
INSERT INTO TB_Pessoa(id_Pessoa, Nome_Pessoa, Data_Nasc, Altura, Peso, Cod_Posicao)
VALUES (113, 'Kenneth Faried','1989-11-19',203,103);
INSERT INTO TB_Pessoa(id_Pessoa, Nome_Pessoa, Data_Nasc, Altura, Peso, Cod_Posicao)
VALUES (114, 'Nikola Jokic','1995-02-19',208,113);


INSERT INTO TB_Pessoa(id_Pessoa, Nome_Pessoa, Data_Nasc, Altura, Peso, Cod_Posicao)
VALUES (115, 'Sam Mitchell','1963-09-02',,,);
INSERT INTO TB_Pessoa(id_Pessoa, Nome_Pessoa, Data_Nasc, Altura, Peso, Cod_Posicao)
VALUES (116, 'Ricky Rubio', '1990-10-21', 193, 86);
INSERT INTO TB_Pessoa(id_Pessoa, Nome_Pessoa, Data_Nasc, Altura, Peso, Cod_Posicao)
VALUES (117, 'Zach LaVine', '1995-03-10', 196, 84);
INSERT INTO TB_Pessoa(id_Pessoa, Nome_Pessoa, Data_Nasc, Altura, Peso, Cod_Posicao)
VALUES (118, 'Andrew Wiggins','1995-02-23',203,90);
INSERT INTO TB_Pessoa(id_Pessoa, Nome_Pessoa, Data_Nasc, Altura, Peso, Cod_Posicao)
VALUES (119, 'Gorgui Dieng','1990-01-18',211,109);
INSERT INTO TB_Pessoa(id_Pessoa, Nome_Pessoa, Data_Nasc, Altura, Peso, Cod_Posicao)
VALUES (120, 'Karl Anthony-Towns','1995-11-15',213,111);


INSERT INTO TB_Pessoa(id_Pessoa, Nome_Pessoa, Data_Nasc, Altura, Peso, Cod_Posicao)
VALUES (121, 'Gregg Popovich','1948-01-28',,,);
INSERT INTO TB_Pessoa(id_Pessoa, Nome_Pessoa, Data_Nasc, Altura, Peso, Cod_Posicao)
VALUES (122, 'Tony Parker', '1982-05-17', 188, 84);
INSERT INTO TB_Pessoa(id_Pessoa, Nome_Pessoa, Data_Nasc, Altura, Peso, Cod_Posicao)
VALUES (123, 'Danny Green', '1987-06-22', 198, 98);
INSERT INTO TB_Pessoa(id_Pessoa, Nome_Pessoa, Data_Nasc, Altura, Peso, Cod_Posicao)
VALUES (124, 'Kawhi Leonard','1991-06-29',201,104);
INSERT INTO TB_Pessoa(id_Pessoa, Nome_Pessoa, Data_Nasc, Altura, Peso, Cod_Posicao)
VALUES (125, 'Tim Duncan','1976-04-25',211,113);
INSERT INTO TB_Pessoa(id_Pessoa, Nome_Pessoa, Data_Nasc, Altura, Peso, Cod_Posicao)
VALUES (126, 'LaMarcus Aldridge','1985-07-19',211,109);


INSERT INTO TB_Pessoa(id_Pessoa, Nome_Pessoa, Data_Nasc, Altura, Peso, Cod_Posicao)
VALUES (127, 'J.B. Bickerstaff','1979-03-10',,,);
INSERT INTO TB_Pessoa(id_Pessoa, Nome_Pessoa, Data_Nasc, Altura, Peso, Cod_Posicao)
VALUES (128, 'Patrick Beverley', '1988-07-12', 185, 84);
INSERT INTO TB_Pessoa(id_Pessoa, Nome_Pessoa, Data_Nasc, Altura, Peso, Cod_Posicao)
VALUES (129, 'James Harden', '1989-08-26', 196, 100);
INSERT INTO TB_Pessoa(id_Pessoa, Nome_Pessoa, Data_Nasc, Altura, Peso, Cod_Posicao)
VALUES (130, 'Trevor Ariza','1985-06-30',203,98);
INSERT INTO TB_Pessoa(id_Pessoa, Nome_Pessoa, Data_Nasc, Altura, Peso, Cod_Posicao)
VALUES (131, 'Donatas Motiejunas','1990-09-20',213,101);
INSERT INTO TB_Pessoa(id_Pessoa, Nome_Pessoa, Data_Nasc, Altura, Peso, Cod_Posicao)
VALUES (132, 'Dwight Howard','1985-12-08',211,120);


INSERT INTO TB_Pessoa(id_Pessoa, Nome_Pessoa, Data_Nasc, Altura, Peso, Cod_Posicao)
VALUES (133, 'Rick Carlisle','1959-10-27',,,);
INSERT INTO TB_Pessoa(id_Pessoa, Nome_Pessoa, Data_Nasc, Altura, Peso, Cod_Posicao)
VALUES (134, 'Deron Williams', '1984-06-26', 191, 91);
INSERT INTO TB_Pessoa(id_Pessoa, Nome_Pessoa, Data_Nasc, Altura, Peso, Cod_Posicao)
VALUES (135, 'Wesley Matthews', '1986-10-14', 196, 100);
INSERT INTO TB_Pessoa(id_Pessoa, Nome_Pessoa, Data_Nasc, Altura, Peso, Cod_Posicao)
VALUES (136, 'Justin Anderson','1993-11-19',198,103);
INSERT INTO TB_Pessoa(id_Pessoa, Nome_Pessoa, Data_Nasc, Altura, Peso, Cod_Posicao)
VALUES (137, 'Dirk Nowitzki','1978-06-19',213,111);
INSERT INTO TB_Pessoa(id_Pessoa, Nome_Pessoa, Data_Nasc, Altura, Peso, Cod_Posicao)
VALUES (138, 'Zaza Pachulia','1984-02-10',211,125);


INSERT INTO TB_Pessoa(id_Pessoa, Nome_Pessoa, Data_Nasc, Altura, Peso, Cod_Posicao)
VALUES (139, 'Alvin Gentry','1954-11-05',,,);
INSERT INTO TB_Pessoa(id_Pessoa, Nome_Pessoa, Data_Nasc, Altura, Peso, Cod_Posicao)
VALUES (140, 'Jrue Holiday', '1990-06-12', 193, 93);
INSERT INTO TB_Pessoa(id_Pessoa, Nome_Pessoa, Data_Nasc, Altura, Peso, Cod_Posicao)
VALUES (141, 'Eric Gordon', '1988-12-25', 193, 98);
INSERT INTO TB_Pessoa(id_Pessoa, Nome_Pessoa, Data_Nasc, Altura, Peso, Cod_Posicao)
VALUES (142, 'Tyreke Evans','1989-09-19',198,100);
INSERT INTO TB_Pessoa(id_Pessoa, Nome_Pessoa, Data_Nasc, Altura, Peso, Cod_Posicao)
VALUES (143, 'Ryan Anderson','1988-05-06',208,109);
INSERT INTO TB_Pessoa(id_Pessoa, Nome_Pessoa, Data_Nasc, Altura, Peso, Cod_Posicao)
VALUES (144, 'Anthony Davis','1993-03-11',211,115);


INSERT INTO TB_Pessoa(id_Pessoa, Nome_Pessoa, Data_Nasc, Altura, Peso, Cod_Posicao)
VALUES (145, 'Dave Joerger','1974-02-21',193,95,);
INSERT INTO TB_Pessoa(id_Pessoa, Nome_Pessoa, Data_Nasc, Altura, Peso, Cod_Posicao)
VALUES (146, 'Mike Conley', '1987-10-11', 185, 79);
INSERT INTO TB_Pessoa(id_Pessoa, Nome_Pessoa, Data_Nasc, Altura, Peso, Cod_Posicao)
VALUES (147, 'Tony Allen', '1982-01-11', 193, 97);
INSERT INTO TB_Pessoa(id_Pessoa, Nome_Pessoa, Data_Nasc, Altura, Peso, Cod_Posicao)
VALUES (148, 'Vince Carter','1977-01-26',198,100);
INSERT INTO TB_Pessoa(id_Pessoa, Nome_Pessoa, Data_Nasc, Altura, Peso, Cod_Posicao)
VALUES (149, 'Zach Randolph','1981-07-16',206,118);
INSERT INTO TB_Pessoa(id_Pessoa, Nome_Pessoa, Data_Nasc, Altura, Peso, Cod_Posicao)
VALUES (150, 'Marc Gasol','1985-01-29',216,116);


INSERT INTO TB_Pessoa(id_Pessoa, Nome_Pessoa, Data_Nasc, Altura, Peso, Cod_Posicao)
VALUES (151, 'Steve Kerr','1965-09-27',,,);
INSERT INTO TB_Pessoa(id_Pessoa, Nome_Pessoa, Data_Nasc, Altura, Peso, Cod_Posicao)
VALUES (152, 'Stephen Curry', '1988-03-14', 191, 86);
INSERT INTO TB_Pessoa(id_Pessoa, Nome_Pessoa, Data_Nasc, Altura, Peso, Cod_Posicao)
VALUES (153, 'Klay Thompson', '1990-02-08', 201, 98);
INSERT INTO TB_Pessoa(id_Pessoa, Nome_Pessoa, Data_Nasc, Altura, Peso, Cod_Posicao)
VALUES (154, 'Harrison Barnes','1992-05-30',203,102);
INSERT INTO TB_Pessoa(id_Pessoa, Nome_Pessoa, Data_Nasc, Altura, Peso, Cod_Posicao)
VALUES (155, 'Draymond Green','1990-05-04',201,104);
INSERT INTO TB_Pessoa(id_Pessoa, Nome_Pessoa, Data_Nasc, Altura, Peso, Cod_Posicao)
VALUES (156, 'Andrew Bogut','1984-11-28',213,118);


INSERT INTO TB_Pessoa(id_Pessoa, Nome_Pessoa, Data_Nasc, Altura, Peso, Cod_Posicao)
VALUES (157, 'Doc Rivers','1961-10-13',,,);
INSERT INTO TB_Pessoa(id_Pessoa, Nome_Pessoa, Data_Nasc, Altura, Peso, Cod_Posicao)
VALUES (158, 'Chris Paul', '1985-05-06', 183, 79);
INSERT INTO TB_Pessoa(id_Pessoa, Nome_Pessoa, Data_Nasc, Altura, Peso, Cod_Posicao)
VALUES (159, 'J.J. Redick', '1984-06-24', 193, 86);
INSERT INTO TB_Pessoa(id_Pessoa, Nome_Pessoa, Data_Nasc, Altura, Peso, Cod_Posicao)
VALUES (160, 'Jeff Green','1986-08-28',206,107);
INSERT INTO TB_Pessoa(id_Pessoa, Nome_Pessoa, Data_Nasc, Altura, Peso, Cod_Posicao)
VALUES (161, 'Blake Griffin','1989-03-16',208,114);
INSERT INTO TB_Pessoa(id_Pessoa, Nome_Pessoa, Data_Nasc, Altura, Peso, Cod_Posicao)
VALUES (162, 'DeAndre Jordan','1988-07-21',211,120);


INSERT INTO TB_Pessoa(id_Pessoa, Nome_Pessoa, Data_Nasc, Altura, Peso, Cod_Posicao)
VALUES (73, 'Byron Scott','1961-03-28',,,);
INSERT INTO TB_Pessoa(id_Pessoa, Nome_Pessoa, Data_Nasc, Altura, Peso, Cod_Posicao)
VALUES (74, 'DAngelo Russell', '1996-02-23', 196, 88);
INSERT INTO TB_Pessoa(id_Pessoa, Nome_Pessoa, Data_Nasc, Altura, Peso, Cod_Posicao)
VALUES (75, 'Jordan Clarkson', '1992-06-07', 196, 88);
INSERT INTO TB_Pessoa(id_Pessoa, Nome_Pessoa, Data_Nasc, Altura, Peso, Cod_Posicao)
VALUES (76, 'Kobe Bryant','1978-08-23',198,96);
INSERT INTO TB_Pessoa(id_Pessoa, Nome_Pessoa, Data_Nasc, Altura, Peso, Cod_Posicao)
VALUES (77, 'Julius Randle','1994-11-29',206,113);
INSERT INTO TB_Pessoa(id_Pessoa, Nome_Pessoa, Data_Nasc, Altura, Peso, Cod_Posicao)
VALUES (78, 'Roy Hibbert','1986-12-11',218,122);


INSERT INTO TB_Pessoa(id_Pessoa, Nome_Pessoa, Data_Nasc, Altura, Peso, Cod_Posicao)
VALUES (79, 'George Karl','1951-05-12',,,);
INSERT INTO TB_Pessoa(id_Pessoa, Nome_Pessoa, Data_Nasc, Altura, Peso, Cod_Posicao)
VALUES (80, 'Rajon Rondo', '1986-02-22', 185, 84);
INSERT INTO TB_Pessoa(id_Pessoa, Nome_Pessoa, Data_Nasc, Altura, Peso, Cod_Posicao)
VALUES (81, 'Ben McLemore', '1993-02-11', 196, 88);
INSERT INTO TB_Pessoa(id_Pessoa, Nome_Pessoa, Data_Nasc, Altura, Peso, Cod_Posicao)
VALUES (82, 'Rudy Gay','1986-08-17',203,104);
INSERT INTO TB_Pessoa(id_Pessoa, Nome_Pessoa, Data_Nasc, Altura, Peso, Cod_Posicao)
VALUES (83, 'Willie Cauley-Stein','1993-08-18',213,109);
INSERT INTO TB_Pessoa(id_Pessoa, Nome_Pessoa, Data_Nasc, Altura, Peso, Cod_Posicao)
VALUES (84, 'DeMarcus Cousins','1990-08-13',211,122);


INSERT INTO TB_Pessoa(id_Pessoa, Nome_Pessoa, Data_Nasc, Altura, Peso, Cod_Posicao)
VALUES (85, 'Jeff Hornacek','1963-05-03',,,);
INSERT INTO TB_Pessoa(id_Pessoa, Nome_Pessoa, Data_Nasc, Altura, Peso, Cod_Posicao)
VALUES (86, 'Eric Bledsoe', '1989-12-09', 185, 93);
INSERT INTO TB_Pessoa(id_Pessoa, Nome_Pessoa, Data_Nasc, Altura, Peso, Cod_Posicao)
VALUES (87, 'Brandon Knight', '1991-12-02', 191, 88);
INSERT INTO TB_Pessoa(id_Pessoa, Nome_Pessoa, Data_Nasc, Altura, Peso, Cod_Posicao)
VALUES (88, 'Devin Booker','1996-10-30',198,93);
INSERT INTO TB_Pessoa(id_Pessoa, Nome_Pessoa, Data_Nasc, Altura, Peso, Cod_Posicao)
VALUES (89, 'P.J. Tucker','1985-05-05',198,111);
INSERT INTO TB_Pessoa(id_Pessoa, Nome_Pessoa, Data_Nasc, Altura, Peso, Cod_Posicao)
VALUES (90, 'Tyson Chandler','1982-10-02',216,109);





-- -----------------------------------------------------
-- Table `mydb`.`TB_Conferencia`
-- -----------------------------------------------------
CREATE TABLE IF NOT EXISTS `mydb`.`TB_Conferencia` (
  `Cod_Conferencia` INT NOT NULL,
  `Nome_Conferencia` VARCHAR(45) NULL,
  PRIMARY KEY (`Cod_Conferencia`))
ENGINE = InnoDB;

INSERT INTO TB_Conferencia (Cod_Conferencia, Nome_Conferencia)
VALUES (1, 'Leste');

INSERT INTO TB_Conferencia (Cod_Conferencia, Nome_Conferencia)
VALUES (2, 'Oeste');

-- -----------------------------------------------------
-- Table `mydb`.`TB_Divisao`
-- -----------------------------------------------------
CREATE TABLE IF NOT EXISTS `mydb`.`TB_Divisao` (
  `Cod_Divisao` INT NOT NULL,
  `Nome_Divisao` VARCHAR(45) NULL,
  `Cod_Conferencia` INT NOT NULL,
  PRIMARY KEY (`Cod_Divisao`),
  INDEX `fk_TB_Divisao_TB_Conferencia1_idx` (`Cod_Conferencia` ASC),
  CONSTRAINT `fk_TB_Divisao_TB_Conferencia1`
    FOREIGN KEY (`Cod_Conferencia`)
    REFERENCES `mydb`.`TB_Conferencia` (`Cod_Conferencia`)
    ON DELETE NO ACTION
    ON UPDATE NO ACTION)
ENGINE = InnoDB;

INSERT INTO TB_Divisao (Cod_Divisao, Nome_Divisao, Cod_Conferencia)
VALUES (1, ''Atlantic'', 1);
INSERT INTO TB_Divisao (Cod_Divisao, Nome_Divisao, Cod_Conferencia)
VALUES (2,'Central', 1);
INSERT INTO TB_Divisao (Cod_Divisao, Nome_Divisao, Cod_Conferencia)
VALUES (3, 'Southeast', 1);

INSERT INTO TB_Divisao (Cod_Divisao, Nome_Divisao, Cod_Conferencia)
VALUES (4, 'Northwest', 2);
INSERT INTO TB_Divisao (Cod_Divisao, Nome_Divisao, Cod_Conferencia)
VALUES (5, 'Southweast', 2);
INSERT INTO TB_Divisao (Cod_Divisao, Nome_Divisao, Cod_Conferencia)
VALUES (6, 'Pacific', 2);





-- -----------------------------------------------------
-- Table `mydb`.`TB_Time`
-- -----------------------------------------------------
CREATE TABLE IF NOT EXISTS `mydb`.`TB_Time` (
  `Cod_Time` INT NOT NULL,
  `Nome_Time` VARCHAR(45) NULL,
  `id_Tecnico` INT NOT NULL,
  `Cod_Divisao` INT NOT NULL,
  `Cod_Cidade` INT NOT NULL,
  PRIMARY KEY (`Cod_Time`),
  INDEX `fk_TB_Time_TB_Pessoa1_idx` (`id_Tecnico` ASC),
  INDEX `fk_TB_Time_TB_Divisao1_idx` (`Cod_Divisao` ASC),
  INDEX `fk_TB_Time_TB_Cidade1_idx` (`Cod_Cidade` ASC),
  CONSTRAINT `fk_TB_Time_TB_Pessoa1`
    FOREIGN KEY (`id_Tecnico`)
    REFERENCES `mydb`.`TB_Pessoa` (`id_Pessoa`)
    ON DELETE NO ACTION
    ON UPDATE NO ACTION,
  CONSTRAINT `fk_TB_Time_TB_Divisao1`
    FOREIGN KEY (`Cod_Divisao`)
    REFERENCES `mydb`.`TB_Divisao` (`Cod_Divisao`)
    ON DELETE NO ACTION
    ON UPDATE NO ACTION,
  CONSTRAINT `fk_TB_Time_TB_Cidade1`
    FOREIGN KEY (`Cod_Cidade`)
    REFERENCES `mydb`.`TB_Cidade` (`Cod_Cidade`)
    ON DELETE NO ACTION
    ON UPDATE NO ACTION)
ENGINE = InnoDB;



INSERT INTO TB_Time (Cod_Time, Nome_Time, id_Tecnico, Cod_Divisao, Cod_Conferencia, Cod_Cidade)
VALUES (1,'Celtics',1,1,1, 1);
INSERT INTO TB_Time (Cod_Time, Nome_Time, id_Tecnico, Cod_Divisao, Cod_Conferencia)
VALUES (2,'Raptors',7,1,1, 2);
INSERT INTO TB_Time (Cod_Time, Nome_Time, id_Tecnico, Cod_Divisao, Cod_Conferencia)
VALUES (3,'Knicks',13,1,1, 3);
INSERT INTO TB_Time (Cod_Time, Nome_Time, id_Tecnico, Cod_Divisao, Cod_Conferencia)
VALUES (4,'76ers',19,1,1, 4);
INSERT INTO TB_Time (Cod_Time, Nome_Time, id_Tecnico, Cod_Divisao, Cod_Conferencia)
VALUES (5,'Nets',25,1,1, 5);


INSERT INTO TB_Time (Cod_Time, Nome_Time, id_Tecnico, Cod_Divisao, Cod_Conferencia, Cod_Cidade)
VALUES (6,'Cavaliers',31,2,1, 6);
INSERT INTO TB_Time (Cod_Time, Nome_Time, id_Tecnico, Cod_Divisao, Cod_Conferencia)
VALUES (7,'Bulls',37,2,1, 7);
INSERT INTO TB_Time (Cod_Time, Nome_Time, id_Tecnico, Cod_Divisao, Cod_Conferencia)
VALUES (8,'Pacers',43,2,1, 8);
INSERT INTO TB_Time (Cod_Time, Nome_Time, id_Tecnico, Cod_Divisao, Cod_Conferencia)
VALUES (9,'Pistons',49,2,1, 9);
INSERT INTO TB_Time (Cod_Time, Nome_Time, id_Tecnico, Cod_Divisao, Cod_Conferencia)
VALUES (10,'Bucks',55,2,1, 10);


INSERT INTO TB_Time (Cod_Time, Nome_Time, id_Tecnico, Cod_Divisao, Cod_Conferencia, Cod_Cidade)
VALUES (11,'Wizards',61,3,1, 11);
INSERT INTO TB_Time (Cod_Time, Nome_Time, id_Tecnico, Cod_Divisao, Cod_Conferencia)
VALUES (12,'Hawks',67,3,1, 12);
INSERT INTO TB_Time (Cod_Time, Nome_Time, id_Tecnico, Cod_Divisao, Cod_Conferencia)
VALUES (13,'Heat',73,3,1, 13);
INSERT INTO TB_Time (Cod_Time, Nome_Time, id_Tecnico, Cod_Divisao, Cod_Conferencia)
VALUES (14,'Hornets',79,3,1, 14);
INSERT INTO TB_Time (Cod_Time, Nome_Time, id_Tecnico, Cod_Divisao, Cod_Conferencia)
VALUES (15,'Magic',85,3,1, 15);


INSERT INTO TB_Time (Cod_Time, Nome_Time, id_Tecnico, Cod_Divisao, Cod_Conferencia, Cod_Cidade)
VALUES (16,'Jazz',91,4,2, 16);
INSERT INTO TB_Time (Cod_Time, Nome_Time, id_Tecnico, Cod_Divisao, Cod_Conferencia)
VALUES (17,'Thunder',97,4,2, 17);
INSERT INTO TB_Time (Cod_Time, Nome_Time, id_Tecnico, Cod_Divisao, Cod_Conferencia)
VALUES (18,'Trailbazers',103,4,2, 18);
INSERT INTO TB_Time (Cod_Time, Nome_Time, id_Tecnico, Cod_Divisao, Cod_Conferencia)
VALUES (19,'Nuggets',109,4,2, 19);
INSERT INTO TB_Time (Cod_Time, Nome_Time, id_Tecnico, Cod_Divisao, Cod_Conferencia)
VALUES (20,'Timberwolves',115,4,2, 20);

INSERT INTO TB_Time (Cod_Time, Nome_Time, id_Tecnico, Cod_Divisao, Cod_Conferencia, Cod_Cidade)
VALUES (21,'Spurs',121,5,2, 21);
INSERT INTO TB_Time (Cod_Time, Nome_Time, id_Tecnico, Cod_Divisao, Cod_Conferencia)
VALUES (22,'Rockets',127,5,2, 22);
INSERT INTO TB_Time (Cod_Time, Nome_Time, id_Tecnico, Cod_Divisao, Cod_Conferencia)
VALUES (23,'Mavericks',133,5,2, 23);
INSERT INTO TB_Time (Cod_Time, Nome_Time, id_Tecnico, Cod_Divisao, Cod_Conferencia)
VALUES (24,'Pelicans',139,5,2, 24);
INSERT INTO TB_Time (Cod_Time, Nome_Time, id_Tecnico, Cod_Divisao, Cod_Conferencia)
VALUES (25,'Grizzlies',145,5,2, 25);


INSERT INTO TB_Time (Cod_Time, Nome_Time, id_Tecnico, Cod_Divisao, Cod_Conferencia, Cod_Cidade)
VALUES (26,'Golden State Warriors',151,6,2, 26);
INSERT INTO TB_Time (Cod_Time, Nome_Time, id_Tecnico, Cod_Divisao, Cod_Conferencia)
VALUES (27,'Clippers',157,6,2, 27);
INSERT INTO TB_Time (Cod_Time, Nome_Time, id_Tecnico, Cod_Divisao, Cod_Conferencia)
VALUES (28,'Lakers',163,6,2, 27);
INSERT INTO TB_Time (Cod_Time, Nome_Time, id_Tecnico, Cod_Divisao, Cod_Conferencia)
VALUES (29,'Kings',169,6,2, 29);
INSERT INTO TB_Time (Cod_Time, Nome_Time, id_Tecnico, Cod_Divisao, Cod_Conferencia)
VALUES (30,'Suns',175,6,2, 30);


-- -----------------------------------------------------
-- Table `mydb`.`TB_Jogo`
-- -----------------------------------------------------
CREATE TABLE IF NOT EXISTS `mydb`.`TB_Jogo` (
  `Cod_Jogo` INT NOT NULL,
  `Cod_Time_Casa` INT NOT NULL,
  `Cod_Time_Fora` INT NOT NULL,
  `Data_Jogo` DATETIME NOT NULL,
  `Hora_Jogo` TIME NOT NULL,
  `Pontuacao_Time_Casa` INT NULL,
  `Pontuacao_Time_Fora` INT NULL,
  `Estadio` VARCHAR(45) NULL,
  PRIMARY KEY (`Cod_Jogo`),
  INDEX `fk_TB_Jogo_TB_Time1_idx` (`Cod_Time_Casa` ASC),
  INDEX `fk_TB_Jogo_TB_Time2_idx` (`Cod_Time_Fora` ASC),
  CONSTRAINT `fk_TB_Jogo_TB_Time1`
    FOREIGN KEY (`Cod_Time_Casa`)
    REFERENCES `mydb`.`TB_Time` (`Cod_Time`)
    ON DELETE NO ACTION
    ON UPDATE NO ACTION,
  CONSTRAINT `fk_TB_Jogo_TB_Time2`
    FOREIGN KEY (`Cod_Time_Fora`)
    REFERENCES `mydb`.`TB_Time` (`Cod_Time`)
    ON DELETE NO ACTION
    ON UPDATE NO ACTION)
ENGINE = InnoDB;



INSERT INTO TB_Jogo(Cod_Jogo, Cod_Time_Casa, Cod_Time_Fora, Data_Jogo, Hora_Jogo, Pontuacao_Time_Casa, Pontuacao_Time_Fora, Estadio)
VALUES (1,12,9,'27-10-2015', '20:00:00', 94, 106, 'Phillips Arena');

INSERT INTO TB_Jogo(Cod_Jogo, Cod_Time_Casa, Cod_Time_Fora, Data_Jogo, Hora_Jogo, Pontuacao_Time_Casa, Pontuacao_Time_Fora, Estadio)
VALUES (2,26,24,'31-10-2015', '19:30:00', 120, 134, 'Smoothie King Center');

INSERT INTO TB_Jogo(Cod_Jogo, Cod_Time_Casa, Cod_Time_Fora, Data_Jogo, Hora_Jogo, Pontuacao_Time_Casa, Pontuacao_Time_Fora, Estadio)
VALUES (3,22,25,'14-03-2016', '20:00:00', 130, 81, 'Toyota Center');

INSERT INTO TB_Jogo(Cod_Jogo, Cod_Time_Casa, Cod_Time_Fora, Data_Jogo, Hora_Jogo, Pontuacao_Time_Casa, Pontuacao_Time_Fora, Estadio)
VALUES (4,6,5,'31-03-2016', '19:00:00', 107, 87, 'Quicken Loans Arena');

INSERT INTO TB_Jogo(Cod_Jogo, Cod_Time_Casa, Cod_Time_Fora, Data_Jogo, Hora_Jogo, Pontuacao_Time_Casa, Pontuacao_Time_Fora, Estadio)
VALUES (5,19,17,'05-04-2016', '21:00:00', 102, 124, 'Pepsi Center');


-- -----------------------------------------------------
-- Table `mydb`.`TB_Premiacao`
-- -----------------------------------------------------
CREATE TABLE IF NOT EXISTS `mydb`.`TB_Premiacao` (
  `Cod_Premiacao` INT NOT NULL,
  `Desc_Premiacao` VARCHAR(45) NULL,
  PRIMARY KEY (`Cod_Premiacao`))
ENGINE = InnoDB;


INSERT INTO TB_Premiacao (Cod_Premiacao, Desc_Premiacao)
VALUES (1, 'MVP');
INSERT INTO TB_Premiacao (Cod_Premiacao, Desc_Premiacao)
VALUES (2, 'DPOY');
INSERT INTO TB_Premiacao (Cod_Premiacao, Desc_Premiacao)
VALUES (3, 'MIP');
INSERT INTO TB_Premiacao (Cod_Premiacao, Desc_Premiacao)
VALUES (4, 'ROTY');
INSERT INTO TB_Premiacao (Cod_Premiacao, Desc_Premiacao)
VALUES (5, 'COY');
INSERT INTO TB_Premiacao (Cod_Premiacao, Desc_Premiacao)
VALUES (6, 'Finals MVP');

-- -----------------------------------------------------
-- Table `mydb`.`TB_Time_Jogador`
-- -----------------------------------------------------
CREATE TABLE IF NOT EXISTS `mydb`.`TB_Time_Jogador` (
  `Cod_Time` INT NOT NULL,
  `id_Jogador` INT NOT NULL,
  `Cod_Posicao` INT NULL,
  PRIMARY KEY (`Cod_Time`, `id_Jogador`),
  INDEX `fk_TB_Time_has_TB_Pessoa_TB_Pessoa1_idx` (`id_Jogador` ASC),
  INDEX `fk_TB_Time_has_TB_Pessoa_TB_Time1_idx` (`Cod_Time` ASC),
  INDEX `fk_TB_Pessoa_TB_Posicao1_idx` (`Cod_Posicao` ASC),
  CONSTRAINT `fk_TB_Time_has_TB_Pessoa_TB_Time1`
    FOREIGN KEY (`Cod_Time`)
    REFERENCES `mydb`.`TB_Time` (`Cod_Time`)
    ON DELETE NO ACTION
    ON UPDATE NO ACTION,
  CONSTRAINT `fk_TB_Time_has_TB_Pessoa_TB_Pessoa1`
    FOREIGN KEY (`id_Jogador`)
    REFERENCES `mydb`.`TB_Pessoa` (`id_Pessoa`)
    ON DELETE NO ACTION
    ON UPDATE NO ACTION)
  CONSTRAINT `fk_TB_Pessoa_TB_Posicao1`
    FOREIGN KEY (`Cod_Posicao`)
    REFERENCES `mydb`.`TB_Posicao` (`Cod_Posicao`)
    ON DELETE NO ACTION
    ON UPDATE NO ACTION)
ENGINE = InnoDB;


INSERT INTO TB_Time_Jogador(Cod_Time, id_Jogador, Cod_Posicao)
VALUES(1,2,1);
INSERT INTO TB_Time_Jogador(Cod_Time, id_Jogador, Cod_Posicao)
VALUES(1,3,2);
INSERT INTO TB_Time_Jogador(Cod_Time, id_Jogador, Cod_Posicao)
VALUES(1,4,3);
INSERT INTO TB_Time_Jogador(Cod_Time, id_Jogador, Cod_Posicao)
VALUES(1,5,4);
INSERT INTO TB_Time_Jogador(Cod_Time, id_Jogador, Cod_Posicao)
VALUES(1,6,5);

INSERT INTO TB_Time_Jogador(Cod_Time, id_Jogador, Cod_Posicao)
VALUES(2,8,1);
INSERT INTO TB_Time_Jogador(Cod_Time, id_Jogador, Cod_Posicao)
VALUES(2,9,2);
INSERT INTO TB_Time_Jogador(Cod_Time, id_Jogador, Cod_Posicao)
VALUES(2,10,3);
INSERT INTO TB_Time_Jogador(Cod_Time, id_Jogador, Cod_Posicao)
VALUES(2,11,4);
INSERT INTO TB_Time_Jogador(Cod_Time, id_Jogador, Cod_Posicao)
VALUES(2,12,5);

INSERT INTO TB_Time_Jogador(Cod_Time, id_Jogador, Cod_Posicao)
VALUES(3,14,1);
INSERT INTO TB_Time_Jogador(Cod_Time, id_Jogador, Cod_Posicao)
VALUES(3,15,2);
INSERT INTO TB_Time_Jogador(Cod_Time, id_Jogador, Cod_Posicao)
VALUES(3,16,3);
INSERT INTO TB_Time_Jogador(Cod_Time, id_Jogador, Cod_Posicao)
VALUES(3,17,4);
INSERT INTO TB_Time_Jogador(Cod_Time, id_Jogador, Cod_Posicao)
VALUES(3,18,5);

INSERT INTO TB_Time_Jogador(Cod_Time, id_Jogador, Cod_Posicao)
VALUES(4,20,1);
INSERT INTO TB_Time_Jogador(Cod_Time, id_Jogador, Cod_Posicao)
VALUES(4,21,2);
INSERT INTO TB_Time_Jogador(Cod_Time, id_Jogador, Cod_Posicao)
VALUES(4,22,3);
INSERT INTO TB_Time_Jogador(Cod_Time, id_Jogador, Cod_Posicao)
VALUES(4,23,4);
INSERT INTO TB_Time_Jogador(Cod_Time, id_Jogador, Cod_Posicao)
VALUES(4,24,5);

INSERT INTO TB_Time_Jogador(Cod_Time, id_Jogador, Cod_Posicao)
VALUES(5,26,1);
INSERT INTO TB_Time_Jogador(Cod_Time, id_Jogador, Cod_Posicao)
VALUES(5,27,2);
INSERT INTO TB_Time_Jogador(Cod_Time, id_Jogador, Cod_Posicao)
VALUES(5,28,3);
INSERT INTO TB_Time_Jogador(Cod_Time, id_Jogador, Cod_Posicao)
VALUES(5,29,4);
INSERT INTO TB_Time_Jogador(Cod_Time, id_Jogador, Cod_Posicao)
VALUES(5,30,5);

INSERT INTO TB_Time_Jogador(Cod_Time, id_Jogador, Cod_Posicao)
VALUES(6,32,1);
INSERT INTO TB_Time_Jogador(Cod_Time, id_Jogador, Cod_Posicao)
VALUES(6,33,2);
INSERT INTO TB_Time_Jogador(Cod_Time, id_Jogador, Cod_Posicao)
VALUES(6,34,3);
INSERT INTO TB_Time_Jogador(Cod_Time, id_Jogador, Cod_Posicao)
VALUES(6,35,4);
INSERT INTO TB_Time_Jogador(Cod_Time, id_Jogador, Cod_Posicao)
VALUES(6,36,5);

INSERT INTO TB_Time_Jogador(Cod_Time, id_Jogador, Cod_Posicao)
VALUES(7,38,1);
INSERT INTO TB_Time_Jogador(Cod_Time, id_Jogador, Cod_Posicao)
VALUES(7,39,2);
INSERT INTO TB_Time_Jogador(Cod_Time, id_Jogador, Cod_Posicao)
VALUES(7,40,3);
INSERT INTO TB_Time_Jogador(Cod_Time, id_Jogador, Cod_Posicao)
VALUES(7,41,4);
INSERT INTO TB_Time_Jogador(Cod_Time, id_Jogador, Cod_Posicao)
VALUES(7,42,5);

INSERT INTO TB_Time_Jogador(Cod_Time, id_Jogador, Cod_Posicao)
VALUES(8,44,1);
INSERT INTO TB_Time_Jogador(Cod_Time, id_Jogador, Cod_Posicao)
VALUES(8,45,2);
INSERT INTO TB_Time_Jogador(Cod_Time, id_Jogador, Cod_Posicao)
VALUES(8,46,3);
INSERT INTO TB_Time_Jogador(Cod_Time, id_Jogador, Cod_Posicao)
VALUES(8,47,4);
INSERT INTO TB_Time_Jogador(Cod_Time, id_Jogador, Cod_Posicao)
VALUES(8,48,5);

INSERT INTO TB_Time_Jogador(Cod_Time, id_Jogador, Cod_Posicao)
VALUES(9,50,1);
INSERT INTO TB_Time_Jogador(Cod_Time, id_Jogador, Cod_Posicao)
VALUES(9,51,2);
INSERT INTO TB_Time_Jogador(Cod_Time, id_Jogador, Cod_Posicao)
VALUES(9,52,3);
INSERT INTO TB_Time_Jogador(Cod_Time, id_Jogador, Cod_Posicao)
VALUES(9,53,4);
INSERT INTO TB_Time_Jogador(Cod_Time, id_Jogador, Cod_Posicao)
VALUES(9,54,5);

INSERT INTO TB_Time_Jogador(Cod_Time, id_Jogador, Cod_Posicao)
VALUES(10,56,1);
INSERT INTO TB_Time_Jogador(Cod_Time, id_Jogador, Cod_Posicao)
VALUES(10,57,2);
INSERT INTO TB_Time_Jogador(Cod_Time, id_Jogador, Cod_Posicao)
VALUES(10,58,3);
INSERT INTO TB_Time_Jogador(Cod_Time, id_Jogador, Cod_Posicao)
VALUES(10,59,4);
INSERT INTO TB_Time_Jogador(Cod_Time, id_Jogador, Cod_Posicao)
VALUES(10,60,5);

INSERT INTO TB_Time_Jogador(Cod_Time, id_Jogador, Cod_Posicao)
VALUES(11,62,1);
INSERT INTO TB_Time_Jogador(Cod_Time, id_Jogador, Cod_Posicao)
VALUES(11,63,2);
INSERT INTO TB_Time_Jogador(Cod_Time, id_Jogador, Cod_Posicao)
VALUES(11,64,3);
INSERT INTO TB_Time_Jogador(Cod_Time, id_Jogador, Cod_Posicao)
VALUES(11,65,4);
INSERT INTO TB_Time_Jogador(Cod_Time, id_Jogador, Cod_Posicao)
VALUES(11,66,5);

INSERT INTO TB_Time_Jogador(Cod_Time, id_Jogador, Cod_Posicao)
VALUES(12,68,1);
INSERT INTO TB_Time_Jogador(Cod_Time, id_Jogador, Cod_Posicao)
VALUES(12,69,2);
INSERT INTO TB_Time_Jogador(Cod_Time, id_Jogador, Cod_Posicao)
VALUES(12,70,3);
INSERT INTO TB_Time_Jogador(Cod_Time, id_Jogador, Cod_Posicao)
VALUES(12,71,4);
INSERT INTO TB_Time_Jogador(Cod_Time, id_Jogador, Cod_Posicao)
VALUES(12,72,5);

INSERT INTO TB_Time_Jogador(Cod_Time, id_Jogador, Cod_Posicao)
VALUES(13,74,1);
INSERT INTO TB_Time_Jogador(Cod_Time, id_Jogador, Cod_Posicao)
VALUES(13,75,2);
INSERT INTO TB_Time_Jogador(Cod_Time, id_Jogador, Cod_Posicao)
VALUES(13,76,3);
INSERT INTO TB_Time_Jogador(Cod_Time, id_Jogador, Cod_Posicao)
VALUES(13,77,4);
INSERT INTO TB_Time_Jogador(Cod_Time, id_Jogador, Cod_Posicao)
VALUES(13,78,5);

INSERT INTO TB_Time_Jogador(Cod_Time, id_Jogador, Cod_Posicao)
VALUES(14,80,1);
INSERT INTO TB_Time_Jogador(Cod_Time, id_Jogador, Cod_Posicao)
VALUES(14,81,2);
INSERT INTO TB_Time_Jogador(Cod_Time, id_Jogador, Cod_Posicao)
VALUES(14,82,3);
INSERT INTO TB_Time_Jogador(Cod_Time, id_Jogador, Cod_Posicao)
VALUES(14,83,4);
INSERT INTO TB_Time_Jogador(Cod_Time, id_Jogador, Cod_Posicao)
VALUES(14,84,5);

INSERT INTO TB_Time_Jogador(Cod_Time, id_Jogador, Cod_Posicao)
VALUES(15,86,1);
INSERT INTO TB_Time_Jogador(Cod_Time, id_Jogador, Cod_Posicao)
VALUES(15,87,2);
INSERT INTO TB_Time_Jogador(Cod_Time, id_Jogador, Cod_Posicao)
VALUES(15,88,3);
INSERT INTO TB_Time_Jogador(Cod_Time, id_Jogador, Cod_Posicao)
VALUES(15,89,4);
INSERT INTO TB_Time_Jogador(Cod_Time, id_Jogador, Cod_Posicao)
VALUES(15,90,5);

INSERT INTO TB_Time_Jogador(Cod_Time, id_Jogador, Cod_Posicao)
VALUES(16,92,1);
INSERT INTO TB_Time_Jogador(Cod_Time, id_Jogador, Cod_Posicao)
VALUES(16,93,2);
INSERT INTO TB_Time_Jogador(Cod_Time, id_Jogador, Cod_Posicao)
VALUES(16,94,3);
INSERT INTO TB_Time_Jogador(Cod_Time, id_Jogador, Cod_Posicao)
VALUES(16,95,4);
INSERT INTO TB_Time_Jogador(Cod_Time, id_Jogador, Cod_Posicao)
VALUES(16,96,5);

INSERT INTO TB_Time_Jogador(Cod_Time, id_Jogador, Cod_Posicao)
VALUES(17,98,1);
INSERT INTO TB_Time_Jogador(Cod_Time, id_Jogador, Cod_Posicao)
VALUES(17,99,2);
INSERT INTO TB_Time_Jogador(Cod_Time, id_Jogador, Cod_Posicao)
VALUES(17,100,3);
INSERT INTO TB_Time_Jogador(Cod_Time, id_Jogador, Cod_Posicao)
VALUES(17,101,4);
INSERT INTO TB_Time_Jogador(Cod_Time, id_Jogador, Cod_Posicao)
VALUES(17,102,5);

INSERT INTO TB_Time_Jogador(Cod_Time, id_Jogador, Cod_Posicao)
VALUES(18,104,1);
INSERT INTO TB_Time_Jogador(Cod_Time, id_Jogador, Cod_Posicao)
VALUES(18,105,2);
INSERT INTO TB_Time_Jogador(Cod_Time, id_Jogador, Cod_Posicao)
VALUES(18,106,3);
INSERT INTO TB_Time_Jogador(Cod_Time, id_Jogador, Cod_Posicao)
VALUES(18,107,4);
INSERT INTO TB_Time_Jogador(Cod_Time, id_Jogador, Cod_Posicao)
VALUES(18,108,5);

INSERT INTO TB_Time_Jogador(Cod_Time, id_Jogador, Cod_Posicao)
VALUES(19,110,1);
INSERT INTO TB_Time_Jogador(Cod_Time, id_Jogador, Cod_Posicao)
VALUES(19,111,2);
INSERT INTO TB_Time_Jogador(Cod_Time, id_Jogador, Cod_Posicao)
VALUES(19,112,3);
INSERT INTO TB_Time_Jogador(Cod_Time, id_Jogador, Cod_Posicao)
VALUES(19,113,4);
INSERT INTO TB_Time_Jogador(Cod_Time, id_Jogador, Cod_Posicao)
VALUES(19,114,5);

INSERT INTO TB_Time_Jogador(Cod_Time, id_Jogador, Cod_Posicao)
VALUES(20,116,1);
INSERT INTO TB_Time_Jogador(Cod_Time, id_Jogador, Cod_Posicao)
VALUES(20,117,2);
INSERT INTO TB_Time_Jogador(Cod_Time, id_Jogador, Cod_Posicao)
VALUES(20,118,3);
INSERT INTO TB_Time_Jogador(Cod_Time, id_Jogador, Cod_Posicao)
VALUES(20,119,4);
INSERT INTO TB_Time_Jogador(Cod_Time, id_Jogador, Cod_Posicao)
VALUES(20,120,5);

INSERT INTO TB_Time_Jogador(Cod_Time, id_Jogador, Cod_Posicao)
VALUES(21,122,1);
INSERT INTO TB_Time_Jogador(Cod_Time, id_Jogador, Cod_Posicao)
VALUES(21,123,2);
INSERT INTO TB_Time_Jogador(Cod_Time, id_Jogador, Cod_Posicao)
VALUES(21,124,3);
INSERT INTO TB_Time_Jogador(Cod_Time, id_Jogador, Cod_Posicao)
VALUES(21,125,4);
INSERT INTO TB_Time_Jogador(Cod_Time, id_Jogador, Cod_Posicao)
VALUES(21,126,5);

INSERT INTO TB_Time_Jogador(Cod_Time, id_Jogador, Cod_Posicao)
VALUES(22,128,1);
INSERT INTO TB_Time_Jogador(Cod_Time, id_Jogador, Cod_Posicao)
VALUES(22,129,2);
INSERT INTO TB_Time_Jogador(Cod_Time, id_Jogador, Cod_Posicao)
VALUES(22,130,3);
INSERT INTO TB_Time_Jogador(Cod_Time, id_Jogador, Cod_Posicao)
VALUES(22,131,4);
INSERT INTO TB_Time_Jogador(Cod_Time, id_Jogador, Cod_Posicao)
VALUES(22,132,5);

INSERT INTO TB_Time_Jogador(Cod_Time, id_Jogador, Cod_Posicao)
VALUES(23,134,1);
INSERT INTO TB_Time_Jogador(Cod_Time, id_Jogador, Cod_Posicao)
VALUES(23,135,2);
INSERT INTO TB_Time_Jogador(Cod_Time, id_Jogador, Cod_Posicao)
VALUES(23,136,3);
INSERT INTO TB_Time_Jogador(Cod_Time, id_Jogador, Cod_Posicao)
VALUES(23,137,4);
INSERT INTO TB_Time_Jogador(Cod_Time, id_Jogador, Cod_Posicao)
VALUES(23,138,5);

INSERT INTO TB_Time_Jogador(Cod_Time, id_Jogador, Cod_Posicao)
VALUES(24,140,1);
INSERT INTO TB_Time_Jogador(Cod_Time, id_Jogador, Cod_Posicao)
VALUES(24,141,2);
INSERT INTO TB_Time_Jogador(Cod_Time, id_Jogador, Cod_Posicao)
VALUES(24,142,3);
INSERT INTO TB_Time_Jogador(Cod_Time, id_Jogador, Cod_Posicao)
VALUES(24,143,4);
INSERT INTO TB_Time_Jogador(Cod_Time, id_Jogador, Cod_Posicao)
VALUES(24,144,5);

INSERT INTO TB_Time_Jogador(Cod_Time, id_Jogador, Cod_Posicao)
VALUES(25,146,1);
INSERT INTO TB_Time_Jogador(Cod_Time, id_Jogador, Cod_Posicao)
VALUES(25,147,2);
INSERT INTO TB_Time_Jogador(Cod_Time, id_Jogador, Cod_Posicao)
VALUES(25,148,3);
INSERT INTO TB_Time_Jogador(Cod_Time, id_Jogador, Cod_Posicao)
VALUES(25,149,4);
INSERT INTO TB_Time_Jogador(Cod_Time, id_Jogador, Cod_Posicao)
VALUES(25,150,5);

INSERT INTO TB_Time_Jogador(Cod_Time, id_Jogador, Cod_Posicao)
VALUES(26,152,1);
INSERT INTO TB_Time_Jogador(Cod_Time, id_Jogador, Cod_Posicao)
VALUES(26,153,2);
INSERT INTO TB_Time_Jogador(Cod_Time, id_Jogador, Cod_Posicao)
VALUES(26,154,3);
INSERT INTO TB_Time_Jogador(Cod_Time, id_Jogador, Cod_Posicao)
VALUES(26,155,4);
INSERT INTO TB_Time_Jogador(Cod_Time, id_Jogador, Cod_Posicao)
VALUES(26,156,5);

INSERT INTO TB_Time_Jogador(Cod_Time, id_Jogador, Cod_Posicao)
VALUES(27,158,1);
INSERT INTO TB_Time_Jogador(Cod_Time, id_Jogador, Cod_Posicao)
VALUES(27,159,2);
INSERT INTO TB_Time_Jogador(Cod_Time, id_Jogador, Cod_Posicao)
VALUES(27,160,3);
INSERT INTO TB_Time_Jogador(Cod_Time, id_Jogador, Cod_Posicao)
VALUES(27,161,4);
INSERT INTO TB_Time_Jogador(Cod_Time, id_Jogador, Cod_Posicao)
VALUES(27,162,5);

INSERT INTO TB_Time_Jogador(Cod_Time, id_Jogador, Cod_Posicao)
VALUES(28,164,1);
INSERT INTO TB_Time_Jogador(Cod_Time, id_Jogador, Cod_Posicao)
VALUES(28,165,2);
INSERT INTO TB_Time_Jogador(Cod_Time, id_Jogador, Cod_Posicao)
VALUES(28,166,3);
INSERT INTO TB_Time_Jogador(Cod_Time, id_Jogador, Cod_Posicao)
VALUES(28,167,4);
INSERT INTO TB_Time_Jogador(Cod_Time, id_Jogador, Cod_Posicao)
VALUES(28,168,5);

INSERT INTO TB_Time_Jogador(Cod_Time, id_Jogador, Cod_Posicao)
VALUES(29,170,1);
INSERT INTO TB_Time_Jogador(Cod_Time, id_Jogador, Cod_Posicao)
VALUES(29,171,2);
INSERT INTO TB_Time_Jogador(Cod_Time, id_Jogador, Cod_Posicao)
VALUES(29,172,3);
INSERT INTO TB_Time_Jogador(Cod_Time, id_Jogador, Cod_Posicao)
VALUES(29,173,4);
INSERT INTO TB_Time_Jogador(Cod_Time, id_Jogador, Cod_Posicao)
VALUES(29,174,5);

INSERT INTO TB_Time_Jogador(Cod_Time, id_Jogador, Cod_Posicao)
VALUES(30,176,1);
INSERT INTO TB_Time_Jogador(Cod_Time, id_Jogador, Cod_Posicao)
VALUES(30,177,2);
INSERT INTO TB_Time_Jogador(Cod_Time, id_Jogador, Cod_Posicao)
VALUES(30,178,3);
INSERT INTO TB_Time_Jogador(Cod_Time, id_Jogador, Cod_Posicao)
VALUES(30,179,4);
INSERT INTO TB_Time_Jogador(Cod_Time, id_Jogador, Cod_Posicao)
VALUES(30,180,5);




-- -----------------------------------------------------
-- Table `mydb`.`TB_Pessoa_joga_Jogo`
-- -----------------------------------------------------
CREATE TABLE IF NOT EXISTS `mydb`.`TB_Pessoa_joga_Jogo` (
  `id_Pessoa` INT NOT NULL,
  `Cod_Jogo` INT NOT NULL,
  `Pontos` INT NULL,
  `Rebotes` INT NULL,
  `Tocos` INT NULL,
  `Roubadas` INT NULL,
  `Assistencias` INT NULL,
  `Turnovers` INT NULL,
  PRIMARY KEY (`id_Pessoa`, `Cod_Jogo`),
  INDEX `fk_TB_Pessoa_has_TB_Jogo_TB_Jogo1_idx` (`Cod_Jogo` ASC),
  INDEX `fk_TB_Pessoa_has_TB_Jogo_TB_Pessoa1_idx` (`id_Pessoa` ASC),
  CONSTRAINT `fk_TB_Pessoa_has_TB_Jogo_TB_Pessoa1`
    FOREIGN KEY (`id_Pessoa`)
    REFERENCES `mydb`.`TB_Pessoa` (`id_Pessoa`)
    ON DELETE NO ACTION
    ON UPDATE NO ACTION,
  CONSTRAINT `fk_TB_Pessoa_has_TB_Jogo_TB_Jogo1`
    FOREIGN KEY (`Cod_Jogo`)
    REFERENCES `mydb`.`TB_Jogo` (`Cod_Jogo`)
    ON DELETE NO ACTION
    ON UPDATE NO ACTION)
ENGINE = InnoDB;



INSERT INTO TB_Pessoa_joga_Jogo(id_Pessoa, Cod_Jogo, Pontos, Rebotes, Tocos, Roubadas, Assistencias, Turnovers)
VALUES (54,1, 18, 19, 2, 1, 3, 2);

INSERT INTO TB_Pessoa_joga_Jogo(id_Pessoa, Cod_Jogo, Pontos, Rebotes, Tocos, Roubadas, Assistencias, Turnovers)
VALUES (152,2,53,4,0,4,9,2);

INSERT INTO TB_Pessoa_joga_Jogo(id_Pessoa, Cod_Jogo, Pontos, Rebotes, Tocos, Roubadas, Assistencias, Turnovers)
VALUES (129,3,15,7,3,1,8,5);

INSERT INTO TB_Pessoa_joga_Jogo(id_Pessoa, Cod_Jogo, Pontos, Rebotes, Tocos, Roubadas, Assistencias, Turnovers)
VALUES (34,4,24,4,1,2,11,6);

INSERT INTO TB_Pessoa_joga_Jogo(id_Pessoa, Cod_Jogo, Pontos, Rebotes, Tocos, Roubadas, Assistencias, Turnovers)
VALUES (98,5,13,14,0,2,12,5);


-- -----------------------------------------------------
-- Table `mydb`.`TB_Pessoa_Premiacao`
-- -----------------------------------------------------
CREATE TABLE IF NOT EXISTS `mydb`.`TB_Pessoa_Premiacao` (
  `id_Pessoa` INT NOT NULL,
  `Cod_Premiacao` INT NOT NULL,
  PRIMARY KEY (`id_Pessoa`, `Cod_Premiacao`),
  INDEX `fk_TB_Premiacao_has_TB_Pessoa_TB_Pessoa1_idx` (`id_Pessoa` ASC),
  INDEX `fk_TB_Premiacao_has_TB_Pessoa_TB_Premiacao1_idx` (`Cod_Premiacao` ASC),
  CONSTRAINT `fk_TB_Premiacao_has_TB_Pessoa_TB_Premiacao1`
    FOREIGN KEY (`Cod_Premiacao`)
    REFERENCES `mydb`.`TB_Premiacao` (`Cod_Premiacao`)
    ON DELETE NO ACTION
    ON UPDATE NO ACTION,
  CONSTRAINT `fk_TB_Premiacao_has_TB_Pessoa_TB_Pessoa1`
    FOREIGN KEY (`id_Pessoa`)
    REFERENCES `mydb`.`TB_Pessoa` (`id_Pessoa`)
    ON DELETE NO ACTION
    ON UPDATE NO ACTION)
ENGINE = InnoDB;


INSERT INTO TB_Pessoa_Premiacao(id_Pessoa, Cod_Premiacao)
VALUES (152,1);
INSERT INTO TB_Pessoa_Premiacao(id_Pessoa, Cod_Premiacao)
VALUES (124,2);
INSERT INTO TB_Pessoa_Premiacao(id_Pessoa, Cod_Premiacao)
VALUES (105,3);
INSERT INTO TB_Pessoa_Premiacao(id_Pessoa, Cod_Premiacao)
VALUES (120,4);
INSERT INTO TB_Pessoa_Premiacao(id_Pessoa, Cod_Premiacao)
VALUES (151,5);
INSERT INTO TB_Pessoa_Premiacao(id_Pessoa, Cod_Premiacao)
VALUES (34,6);


SET SQL_MODE=@OLD_SQL_MODE;
SET FOREIGN_KEY_CHECKS=@OLD_FOREIGN_KEY_CHECKS;
SET UNIQUE_CHECKS=@OLD_UNIQUE_CHECKS;
