-- MySQL Script generated by MySQL Workbench
-- Sáb 04 Mar 2017 10:14:37 BRT
-- Model: New Model    Version: 1.0
-- MySQL Workbench Forward Engineering

SET @OLD_UNIQUE_CHECKS=@@UNIQUE_CHECKS, UNIQUE_CHECKS=0;
SET @OLD_FOREIGN_KEY_CHECKS=@@FOREIGN_KEY_CHECKS, FOREIGN_KEY_CHECKS=0;
SET @OLD_SQL_MODE=@@SQL_MODE, SQL_MODE='TRADITIONAL,ALLOW_INVALID_DATES';

-- -----------------------------------------------------
-- Schema mydb
-- -----------------------------------------------------
DROP SCHEMA IF EXISTS `mydb` ;

-- -----------------------------------------------------
-- Schema mydb
-- -----------------------------------------------------
CREATE SCHEMA IF NOT EXISTS `mydb` DEFAULT CHARACTER SET utf8 ;
USE `mydb` ;

-- -----------------------------------------------------
-- Table `mydb`.`TB_Cidade`
-- -----------------------------------------------------
CREATE TABLE IF NOT EXISTS `mydb`.`TB_Cidade` (
  `Cod_Cidade` INT NOT NULL,
  `Nome_Cidade` VARCHAR(45) NULL,
  `Nome_Estado` VARCHAR(45) NULL,
  PRIMARY KEY (`Cod_Cidade`))
ENGINE = InnoDB;


--------------------------------------------------------
---- Insert
--------------------------------------------------------

INSERT INTO TB_Cidade(Cod_Cidade, Nome_Cidade, Nome_Estado)
VALUES (1, 'Boston', 'Massachusetts') ;
INSERT INTO TB_Cidade(Cod_Cidade, Nome_Cidade, Nome_Estado)
VALUES (2, 'Toronto', 'Ontario');
INSERT INTO TB_Cidade(Cod_Cidade, Nome_Cidade, Nome_Estado)
VALUES (3, 'New York', 'New York');
INSERT INTO TB_Cidade(Cod_Cidade, Nome_Cidade, Nome_Estado)
VALUES (4, 'Philadelphia', 'Pennsylvania');
INSERT INTO TB_Cidade(Cod_Cidade, Nome_Cidade, Nome_Estado)
VALUES (5, 'Brooklyn', 'New York');


INSERT INTO TB_Cidade(Cod_Cidade, Nome_Cidade, Nome_Estado)
VALUES (6, 'Cleveland', 'Ohio'); 
INSERT INTO TB_Cidade(Cod_Cidade, Nome_Cidade, Nome_Estado)
VALUES (7, 'Chicago', 'Ilinois');
INSERT INTO TB_Cidade(Cod_Cidade, Nome_Cidade, Nome_Estado)
VALUES (8, 'Indianapolis', 'Indiana');
INSERT INTO TB_Cidade(Cod_Cidade, Nome_Cidade, Nome_Estado)
VALUES (9, 'Detroit', 'Michigan');
INSERT INTO TB_Cidade(Cod_Cidade, Nome_Cidade, Nome_Estado)
VALUES (10, 'Milwaukee', 'Wisconsin');


INSERT INTO TB_Cidade(Cod_Cidade, Nome_Cidade, Nome_Estado)
VALUES (11, 'Washington DC', 'Washington DC'); 
INSERT INTO TB_Cidade(Cod_Cidade, Nome_Cidade, Nome_Estado)
VALUES (12, 'Atlanta', 'Georgia');
INSERT INTO TB_Cidade(Cod_Cidade, Nome_Cidade, Nome_Estado)
VALUES (13, 'Miami', 'Florida');
INSERT INTO TB_Cidade(Cod_Cidade, Nome_Cidade, Nome_Estado)
VALUES (14, 'Charlotte', 'North Carolina');
INSERT INTO TB_Cidade(Cod_Cidade, Nome_Cidade, Nome_Estado)
VALUES (15, 'Orlando', 'Florida');


INSERT INTO TB_Cidade(Cod_Cidade, Nome_Cidade, Nome_Estado)
VALUES (16, 'Salt Lake City', 'Utah'); 
INSERT INTO TB_Cidade(Cod_Cidade, Nome_Cidade, Nome_Estado)
VALUES (17, 'Oklahoma City', 'Oklahoma');
INSERT INTO TB_Cidade(Cod_Cidade, Nome_Cidade, Nome_Estado)
VALUES (18, 'Portland', 'Oregon');
INSERT INTO TB_Cidade(Cod_Cidade, Nome_Cidade, Nome_Estado)
VALUES (19, 'Denver', 'Colorado');
INSERT INTO TB_Cidade(Cod_Cidade, Nome_Cidade, Nome_Estado)
VALUES (20,'Minneapolis', 'Minnesota');


INSERT INTO TB_Cidade(Cod_Cidade, Nome_Cidade, Nome_Estado)
VALUES (21, 'San Antonio', 'Texas'); 
INSERT INTO TB_Cidade(Cod_Cidade, Nome_Cidade, Nome_Estado)
VALUES (22, 'Houston', 'Texas');
INSERT INTO TB_Cidade(Cod_Cidade, Nome_Cidade, Nome_Estado)
VALUES (23, 'Dallas', 'Texas');
INSERT INTO TB_Cidade(Cod_Cidade, Nome_Cidade, Nome_Estado)
VALUES (24, 'New Orleans', 'Louisiana');
INSERT INTO TB_Cidade(Cod_Cidade, Nome_Cidade, Nome_Estado)
VALUES (25, 'Memphis', 'Tennessee');


INSERT INTO TB_Cidade(Cod_Cidade, Nome_Cidade, Nome_Estado)
VALUES (26, 'Oakland', 'California'); 
INSERT INTO TB_Cidade(Cod_Cidade, Nome_Cidade, Nome_Estado)
VALUES (27, 'Los Angeles', 'California');
INSERT INTO TB_Cidade(Cod_Cidade, Nome_Cidade, Nome_Estado)
VALUES (28, 'Sacramento', 'California');
INSERT INTO TB_Cidade(Cod_Cidade, Nome_Cidade, Nome_Estado)
VALUES (29, 'Phoenix', 'Arizona');



-- -----------------------------------------------------
-- Table `mydb`.`TB_Posicao`
-- -----------------------------------------------------
CREATE TABLE IF NOT EXISTS `mydb`.`TB_Posicao` (
  `Cod_Posicao` INT NOT NULL,
  `Nome_Posicao` VARCHAR(45) NULL,
  PRIMARY KEY (`Cod_Posicao`))
ENGINE = InnoDB;

INSERT INTO TB_Posicao (Cod_Posicao, Nome_Posicao)
VALUES (1, 'Armador');
INSERT INTO TB_Posicao (Cod_Posicao, Nome_Posicao)
VALUES (2,' Ala_Armador');
INSERT INTO TB_Posicao (Cod_Posicao, Nome_Posicao)
VALUES (3, 'Ala');
INSERT INTO TB_Posicao (Cod_Posicao, Nome_Posicao)
VALUES (4, 'Ala_Pivo');
INSERT INTO TB_Posicao (Cod_Posicao, Nome_Posicao)
VALUES (5, 'Pivo');


-- -----------------------------------------------------
-- Table `mydb`.`TB_Pessoa`
-- -----------------------------------------------------
CREATE TABLE IF NOT EXISTS `mydb`.`TB_Pessoa` (
  `id_Pessoa` INT NOT NULL,
  `Nome_Pessoa` VARCHAR(45) NULL,
  `Data_Nasc` DATETIME NULL,
  `Altura` INT NULL,
  `Peso` INT NULL,
  `Cod_Posicao` INT NULL,
  PRIMARY KEY (`id_Pessoa`),
  INDEX `fk_TB_Pessoa_TB_Posicao1_idx` (`Cod_Posicao` ASC),
  CONSTRAINT `fk_TB_Pessoa_TB_Posicao1`
    FOREIGN KEY (`Cod_Posicao`)
    REFERENCES `mydb`.`TB_Posicao` (`Cod_Posicao`)
    ON DELETE NO ACTION
    ON UPDATE NO ACTION)
ENGINE = InnoDB;


INSERT INTO TB_Pessoa(id_Pessoa, Nome_Pessoa, Data_Nasc, Altura, Peso, Cod_Posicao)
VALUES (1, 'Brad Stevens','22-10-1976',,,);
INSERT INTO TB_Pessoa(id_Pessoa, Nome_Pessoa, Data_Nasc, Altura, Peso, Cod_Posicao)
VALUES (2, 'Isaiah Thomas', '22-02-1989', 175, 84,1);
INSERT INTO TB_Pessoa(id_Pessoa, Nome_Pessoa, Data_Nasc, Altura, Peso, Cod_Posicao)
VALUES (3, 'Avery Bradley', '26-11-1990', 188, 82, 2);
INSERT INTO TB_Pessoa(id_Pessoa, Nome_Pessoa, Data_Nasc, Altura, Peso, Cod_Posicao)
VALUES (4, 'Jae Crowder','06-07-1990',198,107,3);
INSERT INTO TB_Pessoa(id_Pessoa, Nome_Pessoa, Data_Nasc, Altura, Peso, Cod_Posicao)
VALUES (5, 'Amir Johnson','01-05-1987',206,109,4);
INSERT INTO TB_Pessoa(id_Pessoa, Nome_Pessoa, Data_Nasc, Altura, Peso, Cod_Posicao)
VALUES (6, 'Jared Sullinger','04-03-1992',206,118,5);


INSERT INTO TB_Pessoa(id_Pessoa, Nome_Pessoa, Data_Nasc, Altura, Peso, Cod_Posicao)
VALUES (7, 'Dwane Casey','17-04-1957',,,);
INSERT INTO TB_Pessoa(id_Pessoa, Nome_Pessoa, Data_Nasc, Altura, Peso, Cod_Posicao)
VALUES (8, 'Kyle Lowry', '25-03-1986', 183, 93,1);
INSERT INTO TB_Pessoa(id_Pessoa, Nome_Pessoa, Data_Nasc, Altura, Peso, Cod_Posicao)
VALUES (9, 'DeMar DeRozan', '07-08-1989', 201, 100, 2);
INSERT INTO TB_Pessoa(id_Pessoa, Nome_Pessoa, Data_Nasc, Altura, Peso, Cod_Posicao)
VALUES (10, 'DeMarre Carroll','27-07-1986',203,96,3);
INSERT INTO TB_Pessoa(id_Pessoa, Nome_Pessoa, Data_Nasc, Altura, Peso, Cod_Posicao)
VALUES (11, 'Patrick Patterson','14-03-1989',206,107,4);
INSERT INTO TB_Pessoa(id_Pessoa, Nome_Pessoa, Data_Nasc, Altura, Peso, Cod_Posicao)
VALUES (12, 'Jonas Valanciunas','06-05-1992',213,116,5);


INSERT INTO TB_Pessoa(id_Pessoa, Nome_Pessoa, Data_Nasc, Altura, Peso, Cod_Posicao)
VALUES (13, 'Derek Fisher','09-08-1974',,,);
INSERT INTO TB_Pessoa(id_Pessoa, Nome_Pessoa, Data_Nasc, Altura, Peso, Cod_Posicao)
VALUES (14, 'Jose Calderon', '28-09-1981', 191, 91,1);
INSERT INTO TB_Pessoa(id_Pessoa, Nome_Pessoa, Data_Nasc, Altura, Peso, Cod_Posicao)
VALUES (15, 'Arron Afflalo', '15-10-1985', 196, 95, 2);
INSERT INTO TB_Pessoa(id_Pessoa, Nome_Pessoa, Data_Nasc, Altura, Peso, Cod_Posicao)
VALUES (16, 'Carmelo Anthony','29-05-1984',203,109,3);
INSERT INTO TB_Pessoa(id_Pessoa, Nome_Pessoa, Data_Nasc, Altura, Peso, Cod_Posicao)
VALUES (17, 'Kristaps Porzingis','02-08-1995',221,109,4);
INSERT INTO TB_Pessoa(id_Pessoa, Nome_Pessoa, Data_Nasc, Altura, Peso, Cod_Posicao)
VALUES (18, 'Robin Lopez','01-04-1988',213,116,5);


INSERT INTO TB_Pessoa(id_Pessoa, Nome_Pessoa, Data_Nasc, Altura, Peso, Cod_Posicao)
VALUES (19, 'Brett Brown','16-02-1961',,,);
INSERT INTO TB_Pessoa(id_Pessoa, Nome_Pessoa, Data_Nasc, Altura, Peso, Cod_Posicao)
VALUES (20, 'Isaiah Canaan', '29-07-1991', 183, 91,1);
INSERT INTO TB_Pessoa(id_Pessoa, Nome_Pessoa, Data_Nasc, Altura, Peso, Cod_Posicao)
VALUES (21, 'Nik Stauskas', '07-10-1993', 198, 93, 2);
INSERT INTO TB_Pessoa(id_Pessoa, Nome_Pessoa, Data_Nasc, Altura, Peso, Cod_Posicao)
VALUES (22, 'Robert Covington','14-12-1990',206,98,3);
INSERT INTO TB_Pessoa(id_Pessoa, Nome_Pessoa, Data_Nasc, Altura, Peso, Cod_Posicao)
VALUES (23, 'Nerlens Noel','10-04-1994',211,103,4);
INSERT INTO TB_Pessoa(id_Pessoa, Nome_Pessoa, Data_Nasc, Altura, Peso, Cod_Posicao)
VALUES (24, 'Jahlil Okafor','15-12-1995',211,125,5);


INSERT INTO TB_Pessoa(id_Pessoa, Nome_Pessoa, Data_Nasc, Altura, Peso, Cod_Posicao)
VALUES (25, 'Lionel Hollins','19-10-1953',,,);
INSERT INTO TB_Pessoa(id_Pessoa, Nome_Pessoa, Data_Nasc, Altura, Peso, Cod_Posicao)
VALUES (26, 'Donald Sloan', '15-01-1988', 191, 95,1);
INSERT INTO TB_Pessoa(id_Pessoa, Nome_Pessoa, Data_Nasc, Altura, Peso, Cod_Posicao)
VALUES (27, 'Wayne Ellington', '29-10-1987', 193, 91, 2);
INSERT INTO TB_Pessoa(id_Pessoa, Nome_Pessoa, Data_Nasc, Altura, Peso, Cod_Posicao)
VALUES (28, 'Bojan Bogdanovic','18-04-1989',203,102,3);
INSERT INTO TB_Pessoa(id_Pessoa, Nome_Pessoa, Data_Nasc, Altura, Peso, Cod_Posicao)
VALUES (29, 'Thaddeus Young','21-06-1988',203,100,4);
INSERT INTO TB_Pessoa(id_Pessoa, Nome_Pessoa, Data_Nasc, Altura, Peso, Cod_Posicao)
VALUES (30, 'Brook Lopez','01-04-1988',213,122,5);


INSERT INTO TB_Pessoa(id_Pessoa, Nome_Pessoa, Data_Nasc, Altura, Peso, Cod_Posicao)
VALUES (31, 'Tyronn Lue','03-05-1977',,,);
INSERT INTO TB_Pessoa(id_Pessoa, Nome_Pessoa, Data_Nasc, Altura, Peso, Cod_Posicao)
VALUES (32, 'Kyrie Irving', '03-03-1992', 191, 88,1);
INSERT INTO TB_Pessoa(id_Pessoa, Nome_Pessoa, Data_Nasc, Altura, Peso, Cod_Posicao)
VALUES (33, 'J.R. Smith', '09-09-1985', 198, 102, 2);
INSERT INTO TB_Pessoa(id_Pessoa, Nome_Pessoa, Data_Nasc, Altura, Peso, Cod_Posicao)
VALUES (34, 'LeBron James','30-12-1984',203,113,3);
INSERT INTO TB_Pessoa(id_Pessoa, Nome_Pessoa, Data_Nasc, Altura, Peso, Cod_Posicao)
VALUES (35, 'Kevin Love','07-09-1988',208,114,4);
INSERT INTO TB_Pessoa(id_Pessoa, Nome_Pessoa, Data_Nasc, Altura, Peso, Cod_Posicao)
VALUES (36, 'Tristan Thompson','13-03-1991',206,108,5);


INSERT INTO TB_Pessoa(id_Pessoa, Nome_Pessoa, Data_Nasc, Altura, Peso, Cod_Posicao)
VALUES (37, 'Fred Hoiberg','15-10-1972',,,);
INSERT INTO TB_Pessoa(id_Pessoa, Nome_Pessoa, Data_Nasc, Altura, Peso, Cod_Posicao)
VALUES (38, 'Derrick Rose', '04-10-1988', 191, 86,1);
INSERT INTO TB_Pessoa(id_Pessoa, Nome_Pessoa, Data_Nasc, Altura, Peso, Cod_Posicao)
VALUES (39, 'Jimmy Butler', '14-09-1989', 201, 105, 2);
INSERT INTO TB_Pessoa(id_Pessoa, Nome_Pessoa, Data_Nasc, Altura, Peso, Cod_Posicao)
VALUES (40, 'Nikola Mirotic','11-02-1991',208,108,3);
INSERT INTO TB_Pessoa(id_Pessoa, Nome_Pessoa, Data_Nasc, Altura, Peso, Cod_Posicao)
VALUES (41, 'Taj Gibson','24-06-1985',206,107,4);
INSERT INTO TB_Pessoa(id_Pessoa, Nome_Pessoa, Data_Nasc, Altura, Peso, Cod_Posicao)
VALUES (42, 'Pau Gasol','06-07-1980',213,113,5);


INSERT INTO TB_Pessoa(id_Pessoa, Nome_Pessoa, Data_Nasc, Altura, Peso, Cod_Posicao)
VALUES (43, 'Frank Vogel','21-06-1973',,,);
INSERT INTO TB_Pessoa(id_Pessoa, Nome_Pessoa, Data_Nasc, Altura, Peso, Cod_Posicao)
VALUES (44, 'George Hill', '04-05-1986', 191, 85,1);
INSERT INTO TB_Pessoa(id_Pessoa, Nome_Pessoa, Data_Nasc, Altura, Peso, Cod_Posicao)
VALUES (45, 'Monta Ellis', '26-10-1985', 191, 84, 2);
INSERT INTO TB_Pessoa(id_Pessoa, Nome_Pessoa, Data_Nasc, Altura, Peso, Cod_Posicao)
VALUES (46, 'Paul George','02-05-1990',206,100,3);
INSERT INTO TB_Pessoa(id_Pessoa, Nome_Pessoa, Data_Nasc, Altura, Peso, Cod_Posicao)
VALUES (47, 'Myles Turner','24-03-1996',211,110,4);
INSERT INTO TB_Pessoa(id_Pessoa, Nome_Pessoa, Data_Nasc, Altura, Peso, Cod_Posicao)
VALUES (48, 'Ian Mahinmi','05-11-1986',211,119,5);


INSERT INTO TB_Pessoa(id_Pessoa, Nome_Pessoa, Data_Nasc, Altura, Peso, Cod_Posicao)
VALUES (49, 'Stan Van Gundy','26-08-1959',,,);
INSERT INTO TB_Pessoa(id_Pessoa, Nome_Pessoa, Data_Nasc, Altura, Peso, Cod_Posicao)
VALUES (50, 'Reggie Jackson', '16-04-1990', 191, 94,1);
INSERT INTO TB_Pessoa(id_Pessoa, Nome_Pessoa, Data_Nasc, Altura, Peso, Cod_Posicao)
VALUES (51, 'Kentavious Caldwell-Pope', '18-02-1993', 196, 93, 2);
INSERT INTO TB_Pessoa(id_Pessoa, Nome_Pessoa, Data_Nasc, Altura, Peso, Cod_Posicao)
VALUES (52, 'Marcus Morris','02-09-1989',206,107,3);
INSERT INTO TB_Pessoa(id_Pessoa, Nome_Pessoa, Data_Nasc, Altura, Peso, Cod_Posicao)
VALUES (53, 'Tobias Harris','15-07-1992',206,107,4);
INSERT INTO TB_Pessoa(id_Pessoa, Nome_Pessoa, Data_Nasc, Altura, Peso, Cod_Posicao)
VALUES (54, 'Andre Drummond','10-08-1993',211,127,5);


INSERT INTO TB_Pessoa(id_Pessoa, Nome_Pessoa, Data_Nasc, Altura, Peso, Cod_Posicao)
VALUES (55, 'Jason Kidd','23-03-1973',,,);
INSERT INTO TB_Pessoa(id_Pessoa, Nome_Pessoa, Data_Nasc, Altura, Peso, Cod_Posicao)
VALUES (56, 'Michael Carter-Williams', '10-10-1991', 198, 86,1);
INSERT INTO TB_Pessoa(id_Pessoa, Nome_Pessoa, Data_Nasc, Altura, Peso, Cod_Posicao)
VALUES (57, 'Khris Middleton', '12-08-1991', 203, 106, 2);
INSERT INTO TB_Pessoa(id_Pessoa, Nome_Pessoa, Data_Nasc, Altura, Peso, Cod_Posicao)
VALUES (58, 'Giannis Antetokounmpo','06-12-1994',211,101,3);
INSERT INTO TB_Pessoa(id_Pessoa, Nome_Pessoa, Data_Nasc, Altura, Peso, Cod_Posicao)
VALUES (59, 'Jabari Parker','15-03-1995',203,113,4);
INSERT INTO TB_Pessoa(id_Pessoa, Nome_Pessoa, Data_Nasc, Altura, Peso, Cod_Posicao)
VALUES (60, 'Greg Monroe','04-06-1990',211,120,5);


INSERT INTO TB_Pessoa(id_Pessoa, Nome_Pessoa, Data_Nasc, Altura, Peso, Cod_Posicao)
VALUES (61, 'Randy Wittman','28-10-1959',,,);
INSERT INTO TB_Pessoa(id_Pessoa, Nome_Pessoa, Data_Nasc, Altura, Peso, Cod_Posicao)
VALUES (62, 'John Wall', '06-09-1990', 193, 95,1);
INSERT INTO TB_Pessoa(id_Pessoa, Nome_Pessoa, Data_Nasc, Altura, Peso, Cod_Posicao)
VALUES (63, 'Bradley Beal', '28-06-1993', 196, 94, 2);
INSERT INTO TB_Pessoa(id_Pessoa, Nome_Pessoa, Data_Nasc, Altura, Peso, Cod_Posicao)
VALUES (64, 'Jared Dudley','10-07-1985',201,102,3);
INSERT INTO TB_Pessoa(id_Pessoa, Nome_Pessoa, Data_Nasc, Altura, Peso, Cod_Posicao)
VALUES (65, 'Maybner Nene','13-09-1982',211,113,4);
INSERT INTO TB_Pessoa(id_Pessoa, Nome_Pessoa, Data_Nasc, Altura, Peso, Cod_Posicao)
VALUES (66, 'Marcin Gortat','17-02-1984',211,109,5);


INSERT INTO TB_Pessoa(id_Pessoa, Nome_Pessoa, Data_Nasc, Altura, Peso, Cod_Posicao)
VALUES (67, 'Mike Budenholzer','06-08-1969',,,);
INSERT INTO TB_Pessoa(id_Pessoa, Nome_Pessoa, Data_Nasc, Altura, Peso, Cod_Posicao)
VALUES (68, 'Derrick Rose', '04-10-1988', 191, 86,1);
INSERT INTO TB_Pessoa(id_Pessoa, Nome_Pessoa, Data_Nasc, Altura, Peso, Cod_Posicao)
VALUES (69, 'Jimmy Butler', '14-09-1989', 201, 105, 2);
INSERT INTO TB_Pessoa(id_Pessoa, Nome_Pessoa, Data_Nasc, Altura, Peso, Cod_Posicao)
VALUES (70, 'Nikola Mirotic','11-02-1991',208,108,3);
INSERT INTO TB_Pessoa(id_Pessoa, Nome_Pessoa, Data_Nasc, Altura, Peso, Cod_Posicao)
VALUES (71, 'Taj Gibson','24-06-1985',206,107,4);
INSERT INTO TB_Pessoa(id_Pessoa, Nome_Pessoa, Data_Nasc, Altura, Peso, Cod_Posicao)
VALUES (72, 'Pau Gasol','06-07-1980',213,113,5);


INSERT INTO TB_Pessoa(id_Pessoa, Nome_Pessoa, Data_Nasc, Altura, Peso, Cod_Posicao)
VALUES (73, 'Frank Vogel','21-06-1973',,,);
INSERT INTO TB_Pessoa(id_Pessoa, Nome_Pessoa, Data_Nasc, Altura, Peso, Cod_Posicao)
VALUES (74, 'Jeff Teague', '10-06-1988', 188, 84,1);
INSERT INTO TB_Pessoa(id_Pessoa, Nome_Pessoa, Data_Nasc, Altura, Peso, Cod_Posicao)
VALUES (75, 'Kyle Korver', '17-03-1981', 201, 96, 2);
INSERT INTO TB_Pessoa(id_Pessoa, Nome_Pessoa, Data_Nasc, Altura, Peso, Cod_Posicao)
VALUES (76, 'Kent Bazemore','01-07-1989',196,91,3);
INSERT INTO TB_Pessoa(id_Pessoa, Nome_Pessoa, Data_Nasc, Altura, Peso, Cod_Posicao)
VALUES (77, 'Paul Millsap','10-02-1985',203,112,4);
INSERT INTO TB_Pessoa(id_Pessoa, Nome_Pessoa, Data_Nasc, Altura, Peso, Cod_Posicao)
VALUES (78, 'Al Horford','03-06-1986',208,111,5);


INSERT INTO TB_Pessoa(id_Pessoa, Nome_Pessoa, Data_Nasc, Altura, Peso, Cod_Posicao)
VALUES (79, 'Steven Clifford','17-09-1961',,,);
INSERT INTO TB_Pessoa(id_Pessoa, Nome_Pessoa, Data_Nasc, Altura, Peso, Cod_Posicao)
VALUES (80, 'Kemba Walker', '08-05-1990', 185, 83,1);
INSERT INTO TB_Pessoa(id_Pessoa, Nome_Pessoa, Data_Nasc, Altura, Peso, Cod_Posicao)
VALUES (81, 'Courtney Lee', '30-10-1985', 196, 91, 2);
INSERT INTO TB_Pessoa(id_Pessoa, Nome_Pessoa, Data_Nasc, Altura, Peso, Cod_Posicao)
VALUES (82, 'Nicolas Batum','14-12-1988',203,91,3);
INSERT INTO TB_Pessoa(id_Pessoa, Nome_Pessoa, Data_Nasc, Altura, Peso, Cod_Posicao)
VALUES (83, 'Marvin Williams','19-06-1986',206,108,4);
INSERT INTO TB_Pessoa(id_Pessoa, Nome_Pessoa, Data_Nasc, Altura, Peso, Cod_Posicao)
VALUES (84, 'Al Jefferson','04-01-1985',208,131,5);


INSERT INTO TB_Pessoa(id_Pessoa, Nome_Pessoa, Data_Nasc, Altura, Peso, Cod_Posicao)
VALUES (85, 'Scott Skiles','05-03-1964',,,);
INSERT INTO TB_Pessoa(id_Pessoa, Nome_Pessoa, Data_Nasc, Altura, Peso, Cod_Posicao)
VALUES (86, 'Elfrid Payton', '22-02-1994', 193, 84,1);
INSERT INTO TB_Pessoa(id_Pessoa, Nome_Pessoa, Data_Nasc, Altura, Peso, Cod_Posicao)
VALUES (87, 'Victor Oladipo', '04-05-1992', 193, 95, 2);
INSERT INTO TB_Pessoa(id_Pessoa, Nome_Pessoa, Data_Nasc, Altura, Peso, Cod_Posicao)
VALUES (88, 'Evan Fournier','29-10-1992',201,93,3);
INSERT INTO TB_Pessoa(id_Pessoa, Nome_Pessoa, Data_Nasc, Altura, Peso, Cod_Posicao)
VALUES (89, 'Aaron Gordon','16-09-1995',206,100,4);
INSERT INTO TB_Pessoa(id_Pessoa, Nome_Pessoa, Data_Nasc, Altura, Peso, Cod_Posicao)
VALUES (90, 'Nikola Vucevic','24-10-1990',213,118,5);



INSERT INTO TB_Pessoa(id_Pessoa, Nome_Pessoa, Data_Nasc, Altura, Peso, Cod_Posicao)
VALUES (91, 'Quin Snyder','30-10-1966',,,);
INSERT INTO TB_Pessoa(id_Pessoa, Nome_Pessoa, Data_Nasc, Altura, Peso, Cod_Posicao)
VALUES (92, 'Trey Burke', '12-11-1992', 185,87,1);
INSERT INTO TB_Pessoa(id_Pessoa, Nome_Pessoa, Data_Nasc, Altura, Peso, Cod_Posicao)
VALUES (93, 'Rodney Hood', '20-10-1992',203,93,2);
INSERT INTO TB_Pessoa(id_Pessoa, Nome_Pessoa, Data_Nasc, Altura, Peso, Cod_Posicao)
VALUES (94, 'Gordon Hayward','23-03-1990',203,103,3);
INSERT INTO TB_Pessoa(id_Pessoa, Nome_Pessoa, Data_Nasc, Altura, Peso, Cod_Posicao)
VALUES (95, 'Derrick Favors','15-07-1991',208,120,4);
INSERT INTO TB_Pessoa(id_Pessoa, Nome_Pessoa, Data_Nasc, Altura, Peso, Cod_Posicao)
VALUES (96, 'Rudy Gobert','26-06-1992',216,111,5);


INSERT INTO TB_Pessoa(id_Pessoa, Nome_Pessoa, Data_Nasc, Altura, Peso, Cod_Posicao)
VALUES (97, 'Billy Donovan','17-04-1957',,,);
INSERT INTO TB_Pessoa(id_Pessoa, Nome_Pessoa, Data_Nasc, Altura, Peso, Cod_Posicao)
VALUES (98, 'Russell Westbrook', '12-11-1988', 191, 91,1);
INSERT INTO TB_Pessoa(id_Pessoa, Nome_Pessoa, Data_Nasc, Altura, Peso, Cod_Posicao)
VALUES (99, 'Andre Roberson', '04-12-1991', 201, 95, 2);
INSERT INTO TB_Pessoa(id_Pessoa, Nome_Pessoa, Data_Nasc, Altura, Peso, Cod_Posicao)
VALUES (100, 'Kevin Durant','29-09-1988',206,109,3);
INSERT INTO TB_Pessoa(id_Pessoa, Nome_Pessoa, Data_Nasc, Altura, Peso, Cod_Posicao)
VALUES (101, 'Serge Ibaka','18-09-1989',208,107,4);
INSERT INTO TB_Pessoa(id_Pessoa, Nome_Pessoa, Data_Nasc, Altura, Peso, Cod_Posicao)
VALUES (102, 'Steven Adams','20-07-1993',213,116,5);


INSERT INTO TB_Pessoa(id_Pessoa, Nome_Pessoa, Data_Nasc, Altura, Peso, Cod_Posicao)
VALUES (103, 'Terry Stotts','25-11-1957',,,);
INSERT INTO TB_Pessoa(id_Pessoa, Nome_Pessoa, Data_Nasc, Altura, Peso, Cod_Posicao)
VALUES (104, 'Damian Lillard', '15-07-1990', 191, 88,1);
INSERT INTO TB_Pessoa(id_Pessoa, Nome_Pessoa, Data_Nasc, Altura, Peso, Cod_Posicao)
VALUES (105, 'C.J. McCollum', '19-09-1991', 191, 86, 2);
INSERT INTO TB_Pessoa(id_Pessoa, Nome_Pessoa, Data_Nasc, Altura, Peso, Cod_Posicao)
VALUES (106, 'Al-Farouq Aminu','21-09-1990',206,100,3);
INSERT INTO TB_Pessoa(id_Pessoa, Nome_Pessoa, Data_Nasc, Altura, Peso, Cod_Posicao)
VALUES (107, 'Maurice Harkless','11-05-1993',206,100,4);
INSERT INTO TB_Pessoa(id_Pessoa, Nome_Pessoa, Data_Nasc, Altura, Peso, Cod_Posicao)
VALUES (108, 'Mason Plumlee','05-03-1990',211,116,5);


INSERT INTO TB_Pessoa(id_Pessoa, Nome_Pessoa, Data_Nasc, Altura, Peso, Cod_Posicao)
VALUES (109, 'Michael Malone','01-01-1971',,,);
INSERT INTO TB_Pessoa(id_Pessoa, Nome_Pessoa, Data_Nasc, Altura, Peso, Cod_Posicao)
VALUES (110, 'Emmanuel Mudiay', '05-03-1996', 196, 91,1);
INSERT INTO TB_Pessoa(id_Pessoa, Nome_Pessoa, Data_Nasc, Altura, Peso, Cod_Posicao)
VALUES (111, 'Gary Harris', '14-09-1994', 193, 95, 2);
INSERT INTO TB_Pessoa(id_Pessoa, Nome_Pessoa, Data_Nasc, Altura, Peso, Cod_Posicao)
VALUES (112, 'Danilo Gallininari','08-08-1988',208,102,3);
INSERT INTO TB_Pessoa(id_Pessoa, Nome_Pessoa, Data_Nasc, Altura, Peso, Cod_Posicao)
VALUES (113, 'Kenneth Faried','19-11-1989',203,103,4);
INSERT INTO TB_Pessoa(id_Pessoa, Nome_Pessoa, Data_Nasc, Altura, Peso, Cod_Posicao)
VALUES (114, 'Nikola Jokic','19-02-1995',208,113,5);


INSERT INTO TB_Pessoa(id_Pessoa, Nome_Pessoa, Data_Nasc, Altura, Peso, Cod_Posicao)
VALUES (115, 'Sam Mitchell','02-09-1963',,,);
INSERT INTO TB_Pessoa(id_Pessoa, Nome_Pessoa, Data_Nasc, Altura, Peso, Cod_Posicao)
VALUES (116, 'Ricky Rubio', '21-10-1990', 193, 86,1);
INSERT INTO TB_Pessoa(id_Pessoa, Nome_Pessoa, Data_Nasc, Altura, Peso, Cod_Posicao)
VALUES (117, 'Zach LaVine', '10-03-1995', 196, 84, 2);
INSERT INTO TB_Pessoa(id_Pessoa, Nome_Pessoa, Data_Nasc, Altura, Peso, Cod_Posicao)
VALUES (118, 'Andrew Wiggins','23-02-1995',203,90,3);
INSERT INTO TB_Pessoa(id_Pessoa, Nome_Pessoa, Data_Nasc, Altura, Peso, Cod_Posicao)
VALUES (119, 'Gorgui Dieng','18-01-1990',211,109,4);
INSERT INTO TB_Pessoa(id_Pessoa, Nome_Pessoa, Data_Nasc, Altura, Peso, Cod_Posicao)
VALUES (120, 'Karl Anthony-Towns','15-11-1995',213,111,5);


INSERT INTO TB_Pessoa(id_Pessoa, Nome_Pessoa, Data_Nasc, Altura, Peso, Cod_Posicao)
VALUES (121, 'Gregg Popovich','28-01-1948',,,);
INSERT INTO TB_Pessoa(id_Pessoa, Nome_Pessoa, Data_Nasc, Altura, Peso, Cod_Posicao)
VALUES (122, 'Tony Parker', '17-05-1982', 188, 84,1);
INSERT INTO TB_Pessoa(id_Pessoa, Nome_Pessoa, Data_Nasc, Altura, Peso, Cod_Posicao)
VALUES (123, 'Danny Green', '22-06-1987', 198, 98, 2);
INSERT INTO TB_Pessoa(id_Pessoa, Nome_Pessoa, Data_Nasc, Altura, Peso, Cod_Posicao)
VALUES (124, 'Kawhi Leonard','29-06-1991',201,104,3);
INSERT INTO TB_Pessoa(id_Pessoa, Nome_Pessoa, Data_Nasc, Altura, Peso, Cod_Posicao)
VALUES (125, 'Tim Duncan','25-04-1976',211,113,4);
INSERT INTO TB_Pessoa(id_Pessoa, Nome_Pessoa, Data_Nasc, Altura, Peso, Cod_Posicao)
VALUES (126, 'LaMarcus Aldridge','19-07-1985',211,109,5);


INSERT INTO TB_Pessoa(id_Pessoa, Nome_Pessoa, Data_Nasc, Altura, Peso, Cod_Posicao)
VALUES (127, 'J.B. Bickerstaff','10-03-1979',,,);
INSERT INTO TB_Pessoa(id_Pessoa, Nome_Pessoa, Data_Nasc, Altura, Peso, Cod_Posicao)
VALUES (128, 'Patrick Beverley', '12-07-1988', 185, 84,1);
INSERT INTO TB_Pessoa(id_Pessoa, Nome_Pessoa, Data_Nasc, Altura, Peso, Cod_Posicao)
VALUES (129, 'James Harden', '26-08-1989', 196, 100, 2);
INSERT INTO TB_Pessoa(id_Pessoa, Nome_Pessoa, Data_Nasc, Altura, Peso, Cod_Posicao)
VALUES (130, 'Trevor Ariza','30-06-1985',203,98,3);
INSERT INTO TB_Pessoa(id_Pessoa, Nome_Pessoa, Data_Nasc, Altura, Peso, Cod_Posicao)
VALUES (131, 'Donatas Motiejunas','20-09-1990',213,101,4);
INSERT INTO TB_Pessoa(id_Pessoa, Nome_Pessoa, Data_Nasc, Altura, Peso, Cod_Posicao)
VALUES (132, 'Dwight Howard','08-12-1985',211,120,5);


INSERT INTO TB_Pessoa(id_Pessoa, Nome_Pessoa, Data_Nasc, Altura, Peso, Cod_Posicao)
VALUES (133, 'Rick Carlisle','27-10-1959',,,);
INSERT INTO TB_Pessoa(id_Pessoa, Nome_Pessoa, Data_Nasc, Altura, Peso, Cod_Posicao)
VALUES (134, 'Deron Williams', '26-06-1984', 191, 91,1);
INSERT INTO TB_Pessoa(id_Pessoa, Nome_Pessoa, Data_Nasc, Altura, Peso, Cod_Posicao)
VALUES (135, 'Wesley Matthews', '14-10-1986', 196, 100, 2);
INSERT INTO TB_Pessoa(id_Pessoa, Nome_Pessoa, Data_Nasc, Altura, Peso, Cod_Posicao)
VALUES (136, 'Justin Anderson','19-11-1993',198,103,3);
INSERT INTO TB_Pessoa(id_Pessoa, Nome_Pessoa, Data_Nasc, Altura, Peso, Cod_Posicao)
VALUES (137, 'Dirk Nowitzki','19-06-1978',213,111,4);
INSERT INTO TB_Pessoa(id_Pessoa, Nome_Pessoa, Data_Nasc, Altura, Peso, Cod_Posicao)
VALUES (138, 'Zaza Pachulia','10-02-1984',211,125,5);


INSERT INTO TB_Pessoa(id_Pessoa, Nome_Pessoa, Data_Nasc, Altura, Peso, Cod_Posicao)
VALUES (139, 'Alvin Gentry','05-11-1954',,,);
INSERT INTO TB_Pessoa(id_Pessoa, Nome_Pessoa, Data_Nasc, Altura, Peso, Cod_Posicao)
VALUES (140, 'Jrue Holiday', '12-06-1990', 193, 93,1);
INSERT INTO TB_Pessoa(id_Pessoa, Nome_Pessoa, Data_Nasc, Altura, Peso, Cod_Posicao)
VALUES (141, 'Eric Gordon', '25-12-1988', 193, 98, 2);
INSERT INTO TB_Pessoa(id_Pessoa, Nome_Pessoa, Data_Nasc, Altura, Peso, Cod_Posicao)
VALUES (142, 'Tyreke Evans','19-09-1989',198,100,3);
INSERT INTO TB_Pessoa(id_Pessoa, Nome_Pessoa, Data_Nasc, Altura, Peso, Cod_Posicao)
VALUES (143, 'Ryan Anderson','06-05-1988',208,109,4);
INSERT INTO TB_Pessoa(id_Pessoa, Nome_Pessoa, Data_Nasc, Altura, Peso, Cod_Posicao)
VALUES (144, 'Anthony Davis','11-03-1993',211,115,5);


INSERT INTO TB_Pessoa(id_Pessoa, Nome_Pessoa, Data_Nasc, Altura, Peso, Cod_Posicao)
VALUES (145, 'Dave Joerger','21-02-1974',193,95,);
INSERT INTO TB_Pessoa(id_Pessoa, Nome_Pessoa, Data_Nasc, Altura, Peso, Cod_Posicao)
VALUES (146, 'Mike Conley', '11-10-1987', 185, 79,1);
INSERT INTO TB_Pessoa(id_Pessoa, Nome_Pessoa, Data_Nasc, Altura, Peso, Cod_Posicao)
VALUES (147, 'Tony Allen', '11-01-1982', 193, 97, 2);
INSERT INTO TB_Pessoa(id_Pessoa, Nome_Pessoa, Data_Nasc, Altura, Peso, Cod_Posicao)
VALUES (148, 'Vince Carter','26-01-1977',198,100,3);
INSERT INTO TB_Pessoa(id_Pessoa, Nome_Pessoa, Data_Nasc, Altura, Peso, Cod_Posicao)
VALUES (149, 'Zach Randolph','16-07-1981',206,118,4);
INSERT INTO TB_Pessoa(id_Pessoa, Nome_Pessoa, Data_Nasc, Altura, Peso, Cod_Posicao)
VALUES (150, 'Marc Gasol','29-01-1985',216,116,5);


INSERT INTO TB_Pessoa(id_Pessoa, Nome_Pessoa, Data_Nasc, Altura, Peso, Cod_Posicao)
VALUES (151, 'Steve Kerr','27-09-1965',,,);
INSERT INTO TB_Pessoa(id_Pessoa, Nome_Pessoa, Data_Nasc, Altura, Peso, Cod_Posicao)
VALUES (152, 'Stephen Curry', '14-03-1988', 191, 86,1);
INSERT INTO TB_Pessoa(id_Pessoa, Nome_Pessoa, Data_Nasc, Altura, Peso, Cod_Posicao)
VALUES (153, 'Klay Thompson', '08-02-1990', 201, 98, 2);
INSERT INTO TB_Pessoa(id_Pessoa, Nome_Pessoa, Data_Nasc, Altura, Peso, Cod_Posicao)
VALUES (154, 'Harrison Barnes','30-05-1992',203,102,3);
INSERT INTO TB_Pessoa(id_Pessoa, Nome_Pessoa, Data_Nasc, Altura, Peso, Cod_Posicao)
VALUES (155, 'Draymond Green','04-05-1990',201,104,4);
INSERT INTO TB_Pessoa(id_Pessoa, Nome_Pessoa, Data_Nasc, Altura, Peso, Cod_Posicao)
VALUES (156, 'Andrew Bogut','28-11-1984',213,118,5);


INSERT INTO TB_Pessoa(id_Pessoa, Nome_Pessoa, Data_Nasc, Altura, Peso, Cod_Posicao)
VALUES (157, 'Doc Rivers','13-10-1961',,,);
INSERT INTO TB_Pessoa(id_Pessoa, Nome_Pessoa, Data_Nasc, Altura, Peso, Cod_Posicao)
VALUES (158, 'Chris Paul', '06-05-1985', 183, 79,1);
INSERT INTO TB_Pessoa(id_Pessoa, Nome_Pessoa, Data_Nasc, Altura, Peso, Cod_Posicao)
VALUES (159, 'J.J. Redick', '24-06-1984', 193, 86, 2);
INSERT INTO TB_Pessoa(id_Pessoa, Nome_Pessoa, Data_Nasc, Altura, Peso, Cod_Posicao)
VALUES (160, 'Jeff Green','28-08-1986',206,107,3);
INSERT INTO TB_Pessoa(id_Pessoa, Nome_Pessoa, Data_Nasc, Altura, Peso, Cod_Posicao)
VALUES (161, 'Blake Griffin','16-03-1989',208,114,4);
INSERT INTO TB_Pessoa(id_Pessoa, Nome_Pessoa, Data_Nasc, Altura, Peso, Cod_Posicao)
VALUES (162, 'DeAndre Jordan','21-07-1988',211,120,5);


INSERT INTO TB_Pessoa(id_Pessoa, Nome_Pessoa, Data_Nasc, Altura, Peso, Cod_Posicao)
VALUES (73, 'Byron Scott','28-03-1961',,,);
INSERT INTO TB_Pessoa(id_Pessoa, Nome_Pessoa, Data_Nasc, Altura, Peso, Cod_Posicao)
VALUES (74, 'DAngelo Russell', '23-02-1996', 196, 88,1);
INSERT INTO TB_Pessoa(id_Pessoa, Nome_Pessoa, Data_Nasc, Altura, Peso, Cod_Posicao)
VALUES (75, 'Jordan Clarkson', '07-06-1992', 196, 88, 2);
INSERT INTO TB_Pessoa(id_Pessoa, Nome_Pessoa, Data_Nasc, Altura, Peso, Cod_Posicao)
VALUES (76, 'Kobe Bryant','23-08-1978',198,96,3);
INSERT INTO TB_Pessoa(id_Pessoa, Nome_Pessoa, Data_Nasc, Altura, Peso, Cod_Posicao)
VALUES (77, 'Julius Randle','29-11-1994',206,113,4);
INSERT INTO TB_Pessoa(id_Pessoa, Nome_Pessoa, Data_Nasc, Altura, Peso, Cod_Posicao)
VALUES (78, 'Roy Hibbert','11-12-1986',218,122,5);


INSERT INTO TB_Pessoa(id_Pessoa, Nome_Pessoa, Data_Nasc, Altura, Peso, Cod_Posicao)
VALUES (79, 'George Karl','12-05-1951',,,);
INSERT INTO TB_Pessoa(id_Pessoa, Nome_Pessoa, Data_Nasc, Altura, Peso, Cod_Posicao)
VALUES (80, 'Rajon Rondo', '22-02-1986', 185, 84,1);
INSERT INTO TB_Pessoa(id_Pessoa, Nome_Pessoa, Data_Nasc, Altura, Peso, Cod_Posicao)
VALUES (81, 'Ben McLemore', '11-02-1993', 196, 88, 2);
INSERT INTO TB_Pessoa(id_Pessoa, Nome_Pessoa, Data_Nasc, Altura, Peso, Cod_Posicao)
VALUES (82, 'Rudy Gay','17-08-1986',203,104,3);
INSERT INTO TB_Pessoa(id_Pessoa, Nome_Pessoa, Data_Nasc, Altura, Peso, Cod_Posicao)
VALUES (83, 'Willie Cauley-Stein','18-08-1993',213,109,4);
INSERT INTO TB_Pessoa(id_Pessoa, Nome_Pessoa, Data_Nasc, Altura, Peso, Cod_Posicao)
VALUES (84, 'DeMarcus Cousins','13-08-1990',211,122,5);


INSERT INTO TB_Pessoa(id_Pessoa, Nome_Pessoa, Data_Nasc, Altura, Peso, Cod_Posicao)
VALUES (85, 'Jeff Hornacek','03-05-1963',,,);
INSERT INTO TB_Pessoa(id_Pessoa, Nome_Pessoa, Data_Nasc, Altura, Peso, Cod_Posicao)
VALUES (86, 'Eric Bledsoe', '09-12-1989', 185, 93,1);
INSERT INTO TB_Pessoa(id_Pessoa, Nome_Pessoa, Data_Nasc, Altura, Peso, Cod_Posicao)
VALUES (87, 'Brandon Knight', '02-12-1991', 191, 88, 2);
INSERT INTO TB_Pessoa(id_Pessoa, Nome_Pessoa, Data_Nasc, Altura, Peso, Cod_Posicao)
VALUES (88, 'Devin Booker','30-10-1996',198,93,3);
INSERT INTO TB_Pessoa(id_Pessoa, Nome_Pessoa, Data_Nasc, Altura, Peso, Cod_Posicao)
VALUES (89, 'P.J. Tucker','05-05-1985',198,111,4);
INSERT INTO TB_Pessoa(id_Pessoa, Nome_Pessoa, Data_Nasc, Altura, Peso, Cod_Posicao)
VALUES (90, 'Tyson Chandler','02-10-1982',216,109,5);





-- -----------------------------------------------------
-- Table `mydb`.`TB_Conferencia`
-- -----------------------------------------------------
CREATE TABLE IF NOT EXISTS `mydb`.`TB_Conferencia` (
  `Cod_Conferencia` INT NOT NULL,
  `Nome_Conferencia` VARCHAR(45) NULL,
  PRIMARY KEY (`Cod_Conferencia`))
ENGINE = InnoDB;

INSERT INTO TB_Conferencia (Cod_Conferencia, Nome_Conferencia)
VALUES (1, 'Leste');

INSERT INTO TB_Conferencia (Cod_Conferencia, Nome_Conferencia)
VALUES (2, 'Oeste');

-- -----------------------------------------------------
-- Table `mydb`.`TB_Divisao`
-- -----------------------------------------------------
CREATE TABLE IF NOT EXISTS `mydb`.`TB_Divisao` (
  `Cod_Divisao` INT NOT NULL,
  `Nome_Divisao` VARCHAR(45) NULL,
  `Cod_Conferencia` INT NOT NULL,
  PRIMARY KEY (`Cod_Divisao`),
  INDEX `fk_TB_Divisao_TB_Conferencia1_idx` (`Cod_Conferencia` ASC),
  CONSTRAINT `fk_TB_Divisao_TB_Conferencia1`
    FOREIGN KEY (`Cod_Conferencia`)
    REFERENCES `mydb`.`TB_Conferencia` (`Cod_Conferencia`)
    ON DELETE NO ACTION
    ON UPDATE NO ACTION)
ENGINE = InnoDB;

INSERT INTO TB_Divisao (Cod_Divisao, Nome_Divisao, Cod_Conferencia)
VALUES (1, ''Atlantic'', 1);
INSERT INTO TB_Divisao (Cod_Divisao, Nome_Divisao, Cod_Conferencia)
VALUES (2,'Central', 1);
INSERT INTO TB_Divisao (Cod_Divisao, Nome_Divisao, Cod_Conferencia)
VALUES (3, 'Southeast', 1);

INSERT INTO TB_Divisao (Cod_Divisao, Nome_Divisao, Cod_Conferencia)
VALUES (4, 'Northwest', 2);
INSERT INTO TB_Divisao (Cod_Divisao, Nome_Divisao, Cod_Conferencia)
VALUES (5, 'Southweast', 2);
INSERT INTO TB_Divisao (Cod_Divisao, Nome_Divisao, Cod_Conferencia)
VALUES (6, 'Pacific', 2);





-- -----------------------------------------------------
-- Table `mydb`.`TB_Time`
-- -----------------------------------------------------
CREATE TABLE IF NOT EXISTS `mydb`.`TB_Time` (
  `Cod_Time` INT NOT NULL,
  `Nome_Time` VARCHAR(45) NULL,
  `id_Tecnico` INT NOT NULL,
  `Cod_Divisao` INT NOT NULL,
  `Cod_Cidade` INT NOT NULL,
  PRIMARY KEY (`Cod_Time`),
  INDEX `fk_TB_Time_TB_Pessoa1_idx` (`id_Tecnico` ASC),
  INDEX `fk_TB_Time_TB_Divisao1_idx` (`Cod_Divisao` ASC),
  INDEX `fk_TB_Time_TB_Cidade1_idx` (`Cod_Cidade` ASC),
  CONSTRAINT `fk_TB_Time_TB_Pessoa1`
    FOREIGN KEY (`id_Tecnico`)
    REFERENCES `mydb`.`TB_Pessoa` (`id_Pessoa`)
    ON DELETE NO ACTION
    ON UPDATE NO ACTION,
  CONSTRAINT `fk_TB_Time_TB_Divisao1`
    FOREIGN KEY (`Cod_Divisao`)
    REFERENCES `mydb`.`TB_Divisao` (`Cod_Divisao`)
    ON DELETE NO ACTION
    ON UPDATE NO ACTION,
  CONSTRAINT `fk_TB_Time_TB_Cidade1`
    FOREIGN KEY (`Cod_Cidade`)
    REFERENCES `mydb`.`TB_Cidade` (`Cod_Cidade`)
    ON DELETE NO ACTION
    ON UPDATE NO ACTION)
ENGINE = InnoDB;



INSERT INTO TB_Time (Cod_Time, Nome_Time, id_Tecnico, Cod_Divisao, Cod_Conferencia, Cod_Cidade)
VALUES (1,'Celtics',1,1,1, 1);
INSERT INTO TB_Time (Cod_Time, Nome_Time, id_Tecnico, Cod_Divisao, Cod_Conferencia)
VALUES (2,'Raptors',7,1,1, 2);
INSERT INTO TB_Time (Cod_Time, Nome_Time, id_Tecnico, Cod_Divisao, Cod_Conferencia)
VALUES (3,'Knicks',13,1,1, 3);
INSERT INTO TB_Time (Cod_Time, Nome_Time, id_Tecnico, Cod_Divisao, Cod_Conferencia)
VALUES (4,'76ers',19,1,1, 4);
INSERT INTO TB_Time (Cod_Time, Nome_Time, id_Tecnico, Cod_Divisao, Cod_Conferencia)
VALUES (5,'Nets',25,1,1, 5);


INSERT INTO TB_Time (Cod_Time, Nome_Time, id_Tecnico, Cod_Divisao, Cod_Conferencia, Cod_Cidade)
VALUES (6,'Cavaliers',31,2,1, 6);
INSERT INTO TB_Time (Cod_Time, Nome_Time, id_Tecnico, Cod_Divisao, Cod_Conferencia)
VALUES (7,'Bulls',37,2,1, 7);
INSERT INTO TB_Time (Cod_Time, Nome_Time, id_Tecnico, Cod_Divisao, Cod_Conferencia)
VALUES (8,'Pacers',43,2,1, 8);
INSERT INTO TB_Time (Cod_Time, Nome_Time, id_Tecnico, Cod_Divisao, Cod_Conferencia)
VALUES (9,'Pistons',49,2,1, 9);
INSERT INTO TB_Time (Cod_Time, Nome_Time, id_Tecnico, Cod_Divisao, Cod_Conferencia)
VALUES (10,'Bucks',55,2,1, 10);


INSERT INTO TB_Time (Cod_Time, Nome_Time, id_Tecnico, Cod_Divisao, Cod_Conferencia, Cod_Cidade)
VALUES (11,'Wizards',61,3,1, 11);
INSERT INTO TB_Time (Cod_Time, Nome_Time, id_Tecnico, Cod_Divisao, Cod_Conferencia)
VALUES (12,'Hawks',67,3,1, 12);
INSERT INTO TB_Time (Cod_Time, Nome_Time, id_Tecnico, Cod_Divisao, Cod_Conferencia)
VALUES (13,'Heat',73,3,1, 13);
INSERT INTO TB_Time (Cod_Time, Nome_Time, id_Tecnico, Cod_Divisao, Cod_Conferencia)
VALUES (14,'Hornets',79,3,1, 14);
INSERT INTO TB_Time (Cod_Time, Nome_Time, id_Tecnico, Cod_Divisao, Cod_Conferencia)
VALUES (15,'Magic',85,3,1, 15);


INSERT INTO TB_Time (Cod_Time, Nome_Time, id_Tecnico, Cod_Divisao, Cod_Conferencia, Cod_Cidade)
VALUES (16,'Jazz',91,4,2, 16);
INSERT INTO TB_Time (Cod_Time, Nome_Time, id_Tecnico, Cod_Divisao, Cod_Conferencia)
VALUES (17,'Thunder',97,4,2, 17);
INSERT INTO TB_Time (Cod_Time, Nome_Time, id_Tecnico, Cod_Divisao, Cod_Conferencia)
VALUES (18,'Trailbazers',103,4,2, 18);
INSERT INTO TB_Time (Cod_Time, Nome_Time, id_Tecnico, Cod_Divisao, Cod_Conferencia)
VALUES (19,'Nuggets',109,4,2, 19);
INSERT INTO TB_Time (Cod_Time, Nome_Time, id_Tecnico, Cod_Divisao, Cod_Conferencia)
VALUES (20,'Timberwolves',115,4,2, 20);

INSERT INTO TB_Time (Cod_Time, Nome_Time, id_Tecnico, Cod_Divisao, Cod_Conferencia, Cod_Cidade)
VALUES (21,'Spurs',121,5,2, 21);
INSERT INTO TB_Time (Cod_Time, Nome_Time, id_Tecnico, Cod_Divisao, Cod_Conferencia)
VALUES (22,'Rockets',127,5,2, 22);
INSERT INTO TB_Time (Cod_Time, Nome_Time, id_Tecnico, Cod_Divisao, Cod_Conferencia)
VALUES (23,'Mavericks',133,5,2, 23);
INSERT INTO TB_Time (Cod_Time, Nome_Time, id_Tecnico, Cod_Divisao, Cod_Conferencia)
VALUES (24,'Pelicans',139,5,2, 24);
INSERT INTO TB_Time (Cod_Time, Nome_Time, id_Tecnico, Cod_Divisao, Cod_Conferencia)
VALUES (25,'Grizzlies',145,5,2, 25);


INSERT INTO TB_Time (Cod_Time, Nome_Time, id_Tecnico, Cod_Divisao, Cod_Conferencia, Cod_Cidade)
VALUES (26,'Golden State Warriors',151,6,2, 26);
INSERT INTO TB_Time (Cod_Time, Nome_Time, id_Tecnico, Cod_Divisao, Cod_Conferencia)
VALUES (27,'Clippers',157,6,2, 27);
INSERT INTO TB_Time (Cod_Time, Nome_Time, id_Tecnico, Cod_Divisao, Cod_Conferencia)
VALUES (28,'Lakers',163,6,2, 27);
INSERT INTO TB_Time (Cod_Time, Nome_Time, id_Tecnico, Cod_Divisao, Cod_Conferencia)
VALUES (29,'Kings',169,6,2, 29);
INSERT INTO TB_Time (Cod_Time, Nome_Time, id_Tecnico, Cod_Divisao, Cod_Conferencia)
VALUES (30,'Suns',175,6,2, 30);


-- -----------------------------------------------------
-- Table `mydb`.`TB_Jogo`
-- -----------------------------------------------------
CREATE TABLE IF NOT EXISTS `mydb`.`TB_Jogo` (
  `Cod_Jogo` INT NOT NULL,
  `Cod_Time_Casa` INT NOT NULL,
  `Cod_Time_Fora` INT NOT NULL,
  `Data_Jogo` DATETIME NOT NULL,
  `Hora_Jogo` TIME NOT NULL,
  `Pontuacao_Time_Casa` INT NULL,
  `Pontuacao_Time_Fora` INT NULL,
  `Estadio` VARCHAR(45) NULL,
  PRIMARY KEY (`Cod_Jogo`),
  INDEX `fk_TB_Jogo_TB_Time1_idx` (`Cod_Time_Casa` ASC),
  INDEX `fk_TB_Jogo_TB_Time2_idx` (`Cod_Time_Fora` ASC),
  CONSTRAINT `fk_TB_Jogo_TB_Time1`
    FOREIGN KEY (`Cod_Time_Casa`)
    REFERENCES `mydb`.`TB_Time` (`Cod_Time`)
    ON DELETE NO ACTION
    ON UPDATE NO ACTION,
  CONSTRAINT `fk_TB_Jogo_TB_Time2`
    FOREIGN KEY (`Cod_Time_Fora`)
    REFERENCES `mydb`.`TB_Time` (`Cod_Time`)
    ON DELETE NO ACTION
    ON UPDATE NO ACTION)
ENGINE = InnoDB;



INSERT INTO TB_Jogo(Cod_Jogo, Cod_Time_Casa, Cod_Time_Fora, Data_Jogo, Hora_Jogo, Pontuacao_Time_Casa, Pontuacao_Time_Fora, Estadio)
VALUES (1,12,9,'27-10-2015', '20:00:00', 94, 106, 'Phillips Arena');

INSERT INTO TB_Jogo(Cod_Jogo, Cod_Time_Casa, Cod_Time_Fora, Data_Jogo, Hora_Jogo, Pontuacao_Time_Casa, Pontuacao_Time_Fora, Estadio)
VALUES (2,26,24,'31-10-2015', '19:30:00', 120, 134, 'Smoothie King Center');

INSERT INTO TB_Jogo(Cod_Jogo, Cod_Time_Casa, Cod_Time_Fora, Data_Jogo, Hora_Jogo, Pontuacao_Time_Casa, Pontuacao_Time_Fora, Estadio)
VALUES (3,22,25,'14-03-2016', '20:00:00', 130, 81, 'Toyota Center');

INSERT INTO TB_Jogo(Cod_Jogo, Cod_Time_Casa, Cod_Time_Fora, Data_Jogo, Hora_Jogo, Pontuacao_Time_Casa, Pontuacao_Time_Fora, Estadio)
VALUES (4,6,5,'31-03-2016', '19:00:00', 107, 87, 'Quicken Loans Arena');

INSERT INTO TB_Jogo(Cod_Jogo, Cod_Time_Casa, Cod_Time_Fora, Data_Jogo, Hora_Jogo, Pontuacao_Time_Casa, Pontuacao_Time_Fora, Estadio)
VALUES (5,19,17,'05-04-2016', '21:00:00', 102, 124, 'Pepsi Center');


-- -----------------------------------------------------
-- Table `mydb`.`TB_Premiacao`
-- -----------------------------------------------------
CREATE TABLE IF NOT EXISTS `mydb`.`TB_Premiacao` (
  `Cod_Premiacao` INT NOT NULL,
  `Desc_Premiacao` VARCHAR(45) NULL,
  PRIMARY KEY (`Cod_Premiacao`))
ENGINE = InnoDB;


INSERT INTO TB_Premiacao (Cod_Premiacao, Desc_Premiacao)
VALUES (1, 'MVP');
INSERT INTO TB_Premiacao (Cod_Premiacao, Desc_Premiacao)
VALUES (2, 'DPOY');
INSERT INTO TB_Premiacao (Cod_Premiacao, Desc_Premiacao)
VALUES (3, 'MIP');
INSERT INTO TB_Premiacao (Cod_Premiacao, Desc_Premiacao)
VALUES (4, 'ROTY');
INSERT INTO TB_Premiacao (Cod_Premiacao, Desc_Premiacao)
VALUES (5, 'COY');
INSERT INTO TB_Premiacao (Cod_Premiacao, Desc_Premiacao)
VALUES (6, 'Finals MVP');

-- -----------------------------------------------------
-- Table `mydb`.`TB_Time_Jogador`
-- -----------------------------------------------------
CREATE TABLE IF NOT EXISTS `mydb`.`TB_Time_Jogador` (
  `Cod_Time` INT NOT NULL,
  `id_Jogador` INT NOT NULL,
  PRIMARY KEY (`Cod_Time`, `id_Jogador`),
  INDEX `fk_TB_Time_has_TB_Pessoa_TB_Pessoa1_idx` (`id_Jogador` ASC),
  INDEX `fk_TB_Time_has_TB_Pessoa_TB_Time1_idx` (`Cod_Time` ASC),
  CONSTRAINT `fk_TB_Time_has_TB_Pessoa_TB_Time1`
    FOREIGN KEY (`Cod_Time`)
    REFERENCES `mydb`.`TB_Time` (`Cod_Time`)
    ON DELETE NO ACTION
    ON UPDATE NO ACTION,
  CONSTRAINT `fk_TB_Time_has_TB_Pessoa_TB_Pessoa1`
    FOREIGN KEY (`id_Jogador`)
    REFERENCES `mydb`.`TB_Pessoa` (`id_Pessoa`)
    ON DELETE NO ACTION
    ON UPDATE NO ACTION)
ENGINE = InnoDB;


INSERT INTO TB_Time_Jogador(Cod_Time, id_Jogador)
VALUES(1,2);
INSERT INTO TB_Time_Jogador(Cod_Time, id_Jogador)
VALUES(1,3);
INSERT INTO TB_Time_Jogador(Cod_Time, id_Jogador)
VALUES(1,4);
INSERT INTO TB_Time_Jogador(Cod_Time, id_Jogador)
VALUES(1,5);
INSERT INTO TB_Time_Jogador(Cod_Time, id_Jogador)
VALUES(1,6);

INSERT INTO TB_Time_Jogador(Cod_Time, id_Jogador)
VALUES(2,8);
INSERT INTO TB_Time_Jogador(Cod_Time, id_Jogador)
VALUES(2,9);
INSERT INTO TB_Time_Jogador(Cod_Time, id_Jogador)
VALUES(2,10);
INSERT INTO TB_Time_Jogador(Cod_Time, id_Jogador)
VALUES(2,11);
INSERT INTO TB_Time_Jogador(Cod_Time, id_Jogador)
VALUES(2,12);

INSERT INTO TB_Time_Jogador(Cod_Time, id_Jogador)
VALUES(3,14);
INSERT INTO TB_Time_Jogador(Cod_Time, id_Jogador)
VALUES(3,15);
INSERT INTO TB_Time_Jogador(Cod_Time, id_Jogador)
VALUES(3,16);
INSERT INTO TB_Time_Jogador(Cod_Time, id_Jogador)
VALUES(3,17);
INSERT INTO TB_Time_Jogador(Cod_Time, id_Jogador)
VALUES(3,18);

INSERT INTO TB_Time_Jogador(Cod_Time, id_Jogador)
VALUES(4,20);
INSERT INTO TB_Time_Jogador(Cod_Time, id_Jogador)
VALUES(4,21);
INSERT INTO TB_Time_Jogador(Cod_Time, id_Jogador)
VALUES(4,22);
INSERT INTO TB_Time_Jogador(Cod_Time, id_Jogador)
VALUES(4,23);
INSERT INTO TB_Time_Jogador(Cod_Time, id_Jogador)
VALUES(4,24);

INSERT INTO TB_Time_Jogador(Cod_Time, id_Jogador)
VALUES(5,26);
INSERT INTO TB_Time_Jogador(Cod_Time, id_Jogador)
VALUES(5,27);
INSERT INTO TB_Time_Jogador(Cod_Time, id_Jogador)
VALUES(5,28);
INSERT INTO TB_Time_Jogador(Cod_Time, id_Jogador)
VALUES(5,29);
INSERT INTO TB_Time_Jogador(Cod_Time, id_Jogador)
VALUES(5,30);

INSERT INTO TB_Time_Jogador(Cod_Time, id_Jogador)
VALUES(6,32);
INSERT INTO TB_Time_Jogador(Cod_Time, id_Jogador)
VALUES(6,33);
INSERT INTO TB_Time_Jogador(Cod_Time, id_Jogador)
VALUES(6,34);
INSERT INTO TB_Time_Jogador(Cod_Time, id_Jogador)
VALUES(6,35);
INSERT INTO TB_Time_Jogador(Cod_Time, id_Jogador)
VALUES(6,36);

INSERT INTO TB_Time_Jogador(Cod_Time, id_Jogador)
VALUES(7,38);
INSERT INTO TB_Time_Jogador(Cod_Time, id_Jogador)
VALUES(7,39);
INSERT INTO TB_Time_Jogador(Cod_Time, id_Jogador)
VALUES(7,40);
INSERT INTO TB_Time_Jogador(Cod_Time, id_Jogador)
VALUES(7,41);
INSERT INTO TB_Time_Jogador(Cod_Time, id_Jogador)
VALUES(7,42);

INSERT INTO TB_Time_Jogador(Cod_Time, id_Jogador)
VALUES(8,44);
INSERT INTO TB_Time_Jogador(Cod_Time, id_Jogador)
VALUES(8,45);
INSERT INTO TB_Time_Jogador(Cod_Time, id_Jogador)
VALUES(8,46);
INSERT INTO TB_Time_Jogador(Cod_Time, id_Jogador)
VALUES(8,47);
INSERT INTO TB_Time_Jogador(Cod_Time, id_Jogador)
VALUES(8,48);

INSERT INTO TB_Time_Jogador(Cod_Time, id_Jogador)
VALUES(9,50);
INSERT INTO TB_Time_Jogador(Cod_Time, id_Jogador)
VALUES(9,51);
INSERT INTO TB_Time_Jogador(Cod_Time, id_Jogador)
VALUES(9,52);
INSERT INTO TB_Time_Jogador(Cod_Time, id_Jogador)
VALUES(9,53);
INSERT INTO TB_Time_Jogador(Cod_Time, id_Jogador)
VALUES(9,54);

INSERT INTO TB_Time_Jogador(Cod_Time, id_Jogador)
VALUES(10,56);
INSERT INTO TB_Time_Jogador(Cod_Time, id_Jogador)
VALUES(10,57);
INSERT INTO TB_Time_Jogador(Cod_Time, id_Jogador)
VALUES(10,58);
INSERT INTO TB_Time_Jogador(Cod_Time, id_Jogador)
VALUES(10,59);
INSERT INTO TB_Time_Jogador(Cod_Time, id_Jogador)
VALUES(10,60);

INSERT INTO TB_Time_Jogador(Cod_Time, id_Jogador)
VALUES(11,62);
INSERT INTO TB_Time_Jogador(Cod_Time, id_Jogador)
VALUES(11,63);
INSERT INTO TB_Time_Jogador(Cod_Time, id_Jogador)
VALUES(11,64);
INSERT INTO TB_Time_Jogador(Cod_Time, id_Jogador)
VALUES(11,65);
INSERT INTO TB_Time_Jogador(Cod_Time, id_Jogador)
VALUES(11,66);

INSERT INTO TB_Time_Jogador(Cod_Time, id_Jogador)
VALUES(12,68);
INSERT INTO TB_Time_Jogador(Cod_Time, id_Jogador)
VALUES(12,69);
INSERT INTO TB_Time_Jogador(Cod_Time, id_Jogador)
VALUES(12,70);
INSERT INTO TB_Time_Jogador(Cod_Time, id_Jogador)
VALUES(12,71);
INSERT INTO TB_Time_Jogador(Cod_Time, id_Jogador)
VALUES(12,72);

INSERT INTO TB_Time_Jogador(Cod_Time, id_Jogador)
VALUES(13,74);
INSERT INTO TB_Time_Jogador(Cod_Time, id_Jogador)
VALUES(13,75);
INSERT INTO TB_Time_Jogador(Cod_Time, id_Jogador)
VALUES(13,76);
INSERT INTO TB_Time_Jogador(Cod_Time, id_Jogador)
VALUES(13,77);
INSERT INTO TB_Time_Jogador(Cod_Time, id_Jogador)
VALUES(13,78);

INSERT INTO TB_Time_Jogador(Cod_Time, id_Jogador)
VALUES(14,80);
INSERT INTO TB_Time_Jogador(Cod_Time, id_Jogador)
VALUES(14,81);
INSERT INTO TB_Time_Jogador(Cod_Time, id_Jogador)
VALUES(14,82);
INSERT INTO TB_Time_Jogador(Cod_Time, id_Jogador)
VALUES(14,83);
INSERT INTO TB_Time_Jogador(Cod_Time, id_Jogador)
VALUES(14,84);

INSERT INTO TB_Time_Jogador(Cod_Time, id_Jogador)
VALUES(15,86);
INSERT INTO TB_Time_Jogador(Cod_Time, id_Jogador)
VALUES(15,87);
INSERT INTO TB_Time_Jogador(Cod_Time, id_Jogador)
VALUES(15,88);
INSERT INTO TB_Time_Jogador(Cod_Time, id_Jogador)
VALUES(15,89);
INSERT INTO TB_Time_Jogador(Cod_Time, id_Jogador)
VALUES(15,90);

INSERT INTO TB_Time_Jogador(Cod_Time, id_Jogador)
VALUES(16,92);
INSERT INTO TB_Time_Jogador(Cod_Time, id_Jogador)
VALUES(16,93);
INSERT INTO TB_Time_Jogador(Cod_Time, id_Jogador)
VALUES(16,94);
INSERT INTO TB_Time_Jogador(Cod_Time, id_Jogador)
VALUES(16,95);
INSERT INTO TB_Time_Jogador(Cod_Time, id_Jogador)
VALUES(16,96);

INSERT INTO TB_Time_Jogador(Cod_Time, id_Jogador)
VALUES(17,98);
INSERT INTO TB_Time_Jogador(Cod_Time, id_Jogador)
VALUES(17,99);
INSERT INTO TB_Time_Jogador(Cod_Time, id_Jogador)
VALUES(17,100);
INSERT INTO TB_Time_Jogador(Cod_Time, id_Jogador)
VALUES(17,101);
INSERT INTO TB_Time_Jogador(Cod_Time, id_Jogador)
VALUES(17,102);

INSERT INTO TB_Time_Jogador(Cod_Time, id_Jogador)
VALUES(18,104);
INSERT INTO TB_Time_Jogador(Cod_Time, id_Jogador)
VALUES(18,105);
INSERT INTO TB_Time_Jogador(Cod_Time, id_Jogador)
VALUES(18,106);
INSERT INTO TB_Time_Jogador(Cod_Time, id_Jogador)
VALUES(18,107);
INSERT INTO TB_Time_Jogador(Cod_Time, id_Jogador)
VALUES(18,108);

INSERT INTO TB_Time_Jogador(Cod_Time, id_Jogador)
VALUES(19,110);
INSERT INTO TB_Time_Jogador(Cod_Time, id_Jogador)
VALUES(19,111);
INSERT INTO TB_Time_Jogador(Cod_Time, id_Jogador)
VALUES(19,112);
INSERT INTO TB_Time_Jogador(Cod_Time, id_Jogador)
VALUES(19,113);
INSERT INTO TB_Time_Jogador(Cod_Time, id_Jogador)
VALUES(19,114);

INSERT INTO TB_Time_Jogador(Cod_Time, id_Jogador)
VALUES(20,116);
INSERT INTO TB_Time_Jogador(Cod_Time, id_Jogador)
VALUES(20,117);
INSERT INTO TB_Time_Jogador(Cod_Time, id_Jogador)
VALUES(20,118);
INSERT INTO TB_Time_Jogador(Cod_Time, id_Jogador)
VALUES(20,119);
INSERT INTO TB_Time_Jogador(Cod_Time, id_Jogador)
VALUES(20,120);

INSERT INTO TB_Time_Jogador(Cod_Time, id_Jogador)
VALUES(21,122);
INSERT INTO TB_Time_Jogador(Cod_Time, id_Jogador)
VALUES(21,123);
INSERT INTO TB_Time_Jogador(Cod_Time, id_Jogador)
VALUES(21,124);
INSERT INTO TB_Time_Jogador(Cod_Time, id_Jogador)
VALUES(21,125);
INSERT INTO TB_Time_Jogador(Cod_Time, id_Jogador)
VALUES(21,126);

INSERT INTO TB_Time_Jogador(Cod_Time, id_Jogador)
VALUES(22,128);
INSERT INTO TB_Time_Jogador(Cod_Time, id_Jogador)
VALUES(22,129);
INSERT INTO TB_Time_Jogador(Cod_Time, id_Jogador)
VALUES(22,130);
INSERT INTO TB_Time_Jogador(Cod_Time, id_Jogador)
VALUES(22,131);
INSERT INTO TB_Time_Jogador(Cod_Time, id_Jogador)
VALUES(22,132);

INSERT INTO TB_Time_Jogador(Cod_Time, id_Jogador)
VALUES(23,134);
INSERT INTO TB_Time_Jogador(Cod_Time, id_Jogador)
VALUES(23,135);
INSERT INTO TB_Time_Jogador(Cod_Time, id_Jogador)
VALUES(23,136);
INSERT INTO TB_Time_Jogador(Cod_Time, id_Jogador)
VALUES(23,137);
INSERT INTO TB_Time_Jogador(Cod_Time, id_Jogador)
VALUES(23,138);

INSERT INTO TB_Time_Jogador(Cod_Time, id_Jogador)
VALUES(24,140);
INSERT INTO TB_Time_Jogador(Cod_Time, id_Jogador)
VALUES(24,141);
INSERT INTO TB_Time_Jogador(Cod_Time, id_Jogador)
VALUES(24,142);
INSERT INTO TB_Time_Jogador(Cod_Time, id_Jogador)
VALUES(24,143);
INSERT INTO TB_Time_Jogador(Cod_Time, id_Jogador)
VALUES(24,144);

INSERT INTO TB_Time_Jogador(Cod_Time, id_Jogador)
VALUES(25,146);
INSERT INTO TB_Time_Jogador(Cod_Time, id_Jogador)
VALUES(25,147);
INSERT INTO TB_Time_Jogador(Cod_Time, id_Jogador)
VALUES(25,148);
INSERT INTO TB_Time_Jogador(Cod_Time, id_Jogador)
VALUES(25,149);
INSERT INTO TB_Time_Jogador(Cod_Time, id_Jogador)
VALUES(25,150);

INSERT INTO TB_Time_Jogador(Cod_Time, id_Jogador)
VALUES(26,152);
INSERT INTO TB_Time_Jogador(Cod_Time, id_Jogador)
VALUES(26,153);
INSERT INTO TB_Time_Jogador(Cod_Time, id_Jogador)
VALUES(26,154);
INSERT INTO TB_Time_Jogador(Cod_Time, id_Jogador)
VALUES(26,155);
INSERT INTO TB_Time_Jogador(Cod_Time, id_Jogador)
VALUES(26,156);

INSERT INTO TB_Time_Jogador(Cod_Time, id_Jogador)
VALUES(27,158);
INSERT INTO TB_Time_Jogador(Cod_Time, id_Jogador)
VALUES(27,159);
INSERT INTO TB_Time_Jogador(Cod_Time, id_Jogador)
VALUES(27,160);
INSERT INTO TB_Time_Jogador(Cod_Time, id_Jogador)
VALUES(27,161);
INSERT INTO TB_Time_Jogador(Cod_Time, id_Jogador)
VALUES(27,162);

INSERT INTO TB_Time_Jogador(Cod_Time, id_Jogador)
VALUES(28,164);
INSERT INTO TB_Time_Jogador(Cod_Time, id_Jogador)
VALUES(28,165);
INSERT INTO TB_Time_Jogador(Cod_Time, id_Jogador)
VALUES(28,166);
INSERT INTO TB_Time_Jogador(Cod_Time, id_Jogador)
VALUES(28,167);
INSERT INTO TB_Time_Jogador(Cod_Time, id_Jogador)
VALUES(28,168);

INSERT INTO TB_Time_Jogador(Cod_Time, id_Jogador)
VALUES(29,170);
INSERT INTO TB_Time_Jogador(Cod_Time, id_Jogador)
VALUES(29,171);
INSERT INTO TB_Time_Jogador(Cod_Time, id_Jogador)
VALUES(29,172);
INSERT INTO TB_Time_Jogador(Cod_Time, id_Jogador)
VALUES(29,173);
INSERT INTO TB_Time_Jogador(Cod_Time, id_Jogador)
VALUES(29,174);

INSERT INTO TB_Time_Jogador(Cod_Time, id_Jogador)
VALUES(30,176);
INSERT INTO TB_Time_Jogador(Cod_Time, id_Jogador)
VALUES(30,177);
INSERT INTO TB_Time_Jogador(Cod_Time, id_Jogador)
VALUES(30,178);
INSERT INTO TB_Time_Jogador(Cod_Time, id_Jogador)
VALUES(30,179);
INSERT INTO TB_Time_Jogador(Cod_Time, id_Jogador)
VALUES(30,180);




-- -----------------------------------------------------
-- Table `mydb`.`TB_Pessoa_joga_Jogo`
-- -----------------------------------------------------
CREATE TABLE IF NOT EXISTS `mydb`.`TB_Pessoa_joga_Jogo` (
  `id_Pessoa` INT NOT NULL,
  `Cod_Jogo` INT NOT NULL,
  `Pontos` INT NULL,
  `Rebotes` INT NULL,
  `Tocos` INT NULL,
  `Roubadas` INT NULL,
  `Assistencias` INT NULL,
  `Turnovers` INT NULL,
  PRIMARY KEY (`id_Pessoa`, `Cod_Jogo`),
  INDEX `fk_TB_Pessoa_has_TB_Jogo_TB_Jogo1_idx` (`Cod_Jogo` ASC),
  INDEX `fk_TB_Pessoa_has_TB_Jogo_TB_Pessoa1_idx` (`id_Pessoa` ASC),
  CONSTRAINT `fk_TB_Pessoa_has_TB_Jogo_TB_Pessoa1`
    FOREIGN KEY (`id_Pessoa`)
    REFERENCES `mydb`.`TB_Pessoa` (`id_Pessoa`)
    ON DELETE NO ACTION
    ON UPDATE NO ACTION,
  CONSTRAINT `fk_TB_Pessoa_has_TB_Jogo_TB_Jogo1`
    FOREIGN KEY (`Cod_Jogo`)
    REFERENCES `mydb`.`TB_Jogo` (`Cod_Jogo`)
    ON DELETE NO ACTION
    ON UPDATE NO ACTION)
ENGINE = InnoDB;



INSERT INTO TB_Pessoa_joga_Jogo(id_Pessoa, Cod_Jogo, Pontos, Rebotes, Tocos, Roubadas, Assistencias, Turnovers)
VALUES (54,1, 18, 19, 2, 1, 3, 2);

INSERT INTO TB_Pessoa_joga_Jogo(id_Pessoa, Cod_Jogo, Pontos, Rebotes, Tocos, Roubadas, Assistencias, Turnovers)
VALUES (152,2,53,4,0,4,9,2);

INSERT INTO TB_Pessoa_joga_Jogo(id_Pessoa, Cod_Jogo, Pontos, Rebotes, Tocos, Roubadas, Assistencias, Turnovers)
VALUES (129,3,15,7,3,1,8,5);

INSERT INTO TB_Pessoa_joga_Jogo(id_Pessoa, Cod_Jogo, Pontos, Rebotes, Tocos, Roubadas, Assistencias, Turnovers)
VALUES (34,4,24,4,1,2,11,6);

INSERT INTO TB_Pessoa_joga_Jogo(id_Pessoa, Cod_Jogo, Pontos, Rebotes, Tocos, Roubadas, Assistencias, Turnovers)
VALUES (98,5,13,14,0,2,12,5);


-- -----------------------------------------------------
-- Table `mydb`.`TB_Pessoa_Premiacao`
-- -----------------------------------------------------
CREATE TABLE IF NOT EXISTS `mydb`.`TB_Pessoa_Premiacao` (
  `id_Pessoa` INT NOT NULL,
  `Cod_Premiacao` INT NOT NULL,
  PRIMARY KEY (`id_Pessoa`, `Cod_Premiacao`),
  INDEX `fk_TB_Premiacao_has_TB_Pessoa_TB_Pessoa1_idx` (`id_Pessoa` ASC),
  INDEX `fk_TB_Premiacao_has_TB_Pessoa_TB_Premiacao1_idx` (`Cod_Premiacao` ASC),
  CONSTRAINT `fk_TB_Premiacao_has_TB_Pessoa_TB_Premiacao1`
    FOREIGN KEY (`Cod_Premiacao`)
    REFERENCES `mydb`.`TB_Premiacao` (`Cod_Premiacao`)
    ON DELETE NO ACTION
    ON UPDATE NO ACTION,
  CONSTRAINT `fk_TB_Premiacao_has_TB_Pessoa_TB_Pessoa1`
    FOREIGN KEY (`id_Pessoa`)
    REFERENCES `mydb`.`TB_Pessoa` (`id_Pessoa`)
    ON DELETE NO ACTION
    ON UPDATE NO ACTION)
ENGINE = InnoDB;


INSERT INTO TB_Pessoa_Premiacao(id_Pessoa, Cod_Premiacao)
VALUES (152,1);
INSERT INTO TB_Pessoa_Premiacao(id_Pessoa, Cod_Premiacao)
VALUES (124,2);
INSERT INTO TB_Pessoa_Premiacao(id_Pessoa, Cod_Premiacao)
VALUES (105,3);
INSERT INTO TB_Pessoa_Premiacao(id_Pessoa, Cod_Premiacao)
VALUES (120,4);
INSERT INTO TB_Pessoa_Premiacao(id_Pessoa, Cod_Premiacao)
VALUES (151,5);
INSERT INTO TB_Pessoa_Premiacao(id_Pessoa, Cod_Premiacao)
VALUES (34,6);


SET SQL_MODE=@OLD_SQL_MODE;
SET FOREIGN_KEY_CHECKS=@OLD_FOREIGN_KEY_CHECKS;
SET UNIQUE_CHECKS=@OLD_UNIQUE_CHECKS;
